,id_feu,siniestro_fecha,siniestro_hora,zona_ocurrencia,via_publica,nombre_via,altura_km,entre_calle_1,latitud,longitud,ilesos,heridos,fallecidos,vehiculos,peatones,tipo_siniestro_unico,cantidad_de_involucrados,material_de_la_calzada,estado_de_la_calzada,estado_fisico_ambiental,luminosidad,luz_artificial,estado_ambiental,visibilidad,semaforo,tipo_involucrado
215,175462,2022-10-27,10:47:00,Urbana,Calle,9 DE julio,1000,BUENOS AIRES,,,2.0,0.0,0.0,2,0.0,Colisión entre vehículos,2,Asfalto,Apto,Seca,Día,,Despejado,,Sin Semáforo,Automóvil
216,152945,2022-10-27,9:50:00,Urbana,Avenida,AV CENTENARIO,3900,,,,0.0,1.0,0.0,1,0.0,Caída desde vehículo,1,Asfalto,Apto,"Despejada, Seca",Día,,Despejado,Buena,Sin Semáforo,Motocicleta
217,139229,2022-10-27,9:00:00,Urbana,Avenida,AV. MAIPU,400,LAMADRID,-2.748.848,-5.882.235,1.0,1.0,0.0,2,0.0,Colisión entre vehículos,2,Asfalto,Apto,Seca,Día,NO,Despejado,Buena,,Motocicleta
218,139229,2022-10-27,9:00:00,Urbana,Avenida,AV. MAIPU,400,LAMADRID,-2.748.848,-5.882.235,1.0,1.0,0.0,2,0.0,Colisión entre vehículos,2,Asfalto,Apto,Seca,Día,NO,Despejado,Buena,,Maquinaria
219,161498,2022-10-26,9:45:00,Urbana,Avenida,AVDA. LIBERTAD,5900,LAS VIOLETAS,-2.746.282,-5.877.486,2.0,0.0,0.0,2,0.0,Colisión entre vehículos,2,Asfalto,Apto,,Día,NO,Despejado,Buena,,Automóvil
220,161498,2022-10-26,9:45:00,Urbana,Avenida,AVDA. LIBERTAD,5900,LAS VIOLETAS,-2.746.282,-5.877.486,2.0,0.0,0.0,2,0.0,Colisión entre vehículos,2,Asfalto,Apto,,Día,NO,Despejado,Buena,,Automóvil
221,169889,2022-10-26,8:40:00,Urbana,Calle,YERBAL,400,,-2.746.736,-5.880.600,0.0,1.0,0.0,1,0.0,Caída desde vehículo,1,Asfalto,Apto,,Día,NO,Despejado,Buena,Sin Semáforo,Motocicleta
222,147418,2022-10-26,10:43:00,Urbana,Calle,BRASIL,,PELLEGRINI,,,1.0,1.0,0.0,2,0.0,Colisión entre vehículos,2,Asfalto,Apto,Seca,Día,NO,Despejado,Buena,Sin Semáforo,Motocicleta
223,147418,2022-10-26,10:43:00,Urbana,Calle,BRASIL,,PELLEGRINI,,,1.0,1.0,0.0,2,0.0,Colisión entre vehículos,2,Asfalto,Apto,Seca,Día,NO,Despejado,Buena,Sin Semáforo,Camioneta/Utilitario
224,168423,2022-10-26,9:50:00,Urbana,Calle,SAN MARTÍN,2300,PERÚ,,,1.0,1.0,0.0,2,0.0,Colisión entre vehículos,2,Asfalto,Apto,Seca,Amanecer,SI,Despejado,Buena,Sin Semáforo,Automóvil
225,168423,2022-10-26,9:50:00,Urbana,Calle,SAN MARTÍN,2300,PERÚ,,,1.0,1.0,0.0,2,0.0,Colisión entre vehículos,2,Asfalto,Apto,Seca,Amanecer,SI,Despejado,Buena,Sin Semáforo,Motocicleta
226,137579,2022-10-26,17:40:00,Urbana,Avenida,INDEPENDENCIA,5400,,,,1.0,1.0,0.0,2,0.0,Colisión entre vehículos,2,Asfalto,Apto,Seca,Día,NO,Despejado,Buena,Sin Semáforo,Automóvil
227,137579,2022-10-26,17:40:00,Urbana,Avenida,INDEPENDENCIA,5400,,,,1.0,1.0,0.0,2,0.0,Colisión entre vehículos,2,Asfalto,Apto,Seca,Día,NO,Despejado,Buena,Sin Semáforo,Motocicleta
228,143763,2022-10-24,8:14:00,Urbana,Calle,JOSE INGENIERO,410,,,,2.0,0.0,0.0,2,0.0,Colisión entre vehículos,2,Asfalto,Apto,Seca,Día,NO,Despejado,Buena,Sin Semáforo,Transporte de carga
229,143763,2022-10-24,8:14:00,Urbana,Calle,JOSE INGENIERO,410,,,,2.0,0.0,0.0,2,0.0,Colisión entre vehículos,2,Asfalto,Apto,Seca,Día,NO,Despejado,Buena,Sin Semáforo,Motocicleta
230,146705,2022-10-23,19:13:00,Urbana,,AV. MAIPU,1600,ESPAÑA,,,3.0,0.0,0.0,2,0.0,Colisión entre vehículos,2,,Apto,Seca,Atardecer,SI,Despejado,Buena,Sin Semáforo,Motocicleta
231,146705,2022-10-23,19:13:00,Urbana,,AV. MAIPU,1600,ESPAÑA,,,3.0,0.0,0.0,2,0.0,Colisión entre vehículos,2,,Apto,Seca,Atardecer,SI,Despejado,Buena,Sin Semáforo,Automóvil
232,139999,2022-10-23,14:42:00,Urbana,Avenida,AV JUAN DE VERA,1600,SANTA FE,,,1.0,1.0,0.0,1,1.0,Atropello a peatón/es,2,Asfalto,Apto,Seca,Día,NO,Despejado,Buena,Sin Semáforo,Automóvil
233,139999,2022-10-23,14:42:00,Urbana,Avenida,AV JUAN DE VERA,1600,SANTA FE,,,1.0,1.0,0.0,1,1.0,Atropello a peatón/es,2,Asfalto,Apto,Seca,Día,NO,Despejado,Buena,Sin Semáforo,Peatón
234,140915,2022-10-23,5:30:00,Urbana,Ruta Provincial,5,"2,5",,,,0.0,2.0,0.0,2,0.0,Colisión entre vehículos,2,Asfalto,Apto,Seca,Día,SI,Despejado,Buena,Sin Semáforo,Motocicleta
235,140915,2022-10-23,5:30:00,Urbana,Ruta Provincial,5,"2,5",,,,0.0,2.0,0.0,2,0.0,Colisión entre vehículos,2,Asfalto,Apto,Seca,Día,SI,Despejado,Buena,Sin Semáforo,Motocicleta
236,146726,2022-10-22,9:15:00,,,AV. ARMENIA,,DEPARTAMENTO MERCEDES,,,1.0,1.0,0.0,2,0.0,Colisión entre vehículos,2,,Apto,Seca,Día,NO,,Buena,Sin Semáforo,Automóvil
237,146726,2022-10-22,9:15:00,,,AV. ARMENIA,,DEPARTAMENTO MERCEDES,,,1.0,1.0,0.0,2,0.0,Colisión entre vehículos,2,,Apto,Seca,Día,NO,,Buena,Sin Semáforo,Motocicleta
238,163544,2022-10-22,23:20:00,Urbana,Avenida,AV 3 DE ABRIL,1630,AV MAIPU,-2.747.658,-5.883.090,2.0,0.0,0.0,2,0.0,Colisión entre vehículos,2,Hormigón,Apto,Seca,Noche,SI,Despejado,Buena,Sin Semáforo,Automóvil
239,163544,2022-10-22,23:20:00,Urbana,Avenida,AV 3 DE ABRIL,1630,AV MAIPU,-2.747.658,-5.883.090,2.0,0.0,0.0,2,0.0,Colisión entre vehículos,2,Hormigón,Apto,Seca,Noche,SI,Despejado,Buena,Sin Semáforo,Motocicleta
240,158366,2022-10-22,10:31:00,Urbana,Avenida,AVDA. JUAN DE GAARAY,864,,-2.749.303,-5.884.311,1.0,1.0,0.0,1,1.0,Atropello a peatón/es,2,Asfalto,Apto,Seca,Día,NO,Despejado,,,Peatón
241,158366,2022-10-22,10:31:00,Urbana,Avenida,AVDA. JUAN DE GAARAY,864,,-2.749.303,-5.884.311,1.0,1.0,0.0,1,1.0,Atropello a peatón/es,2,Asfalto,Apto,Seca,Día,NO,Despejado,,,Tracción a sangre
242,162789,2022-10-22,11:00:00,Urbana,Calle,GOBERNADOR RUÍZ,2200,,,,0.0,1.0,0.0,1,0.0,Caída desde vehículo,1,Asfalto,Apto,Seca,Día,NO,Despejado,Buena,,Motocicleta
243,169147,2022-10-21,8:48:00,Urbana,Avenida,LAPRIDA,5000,GABRIELA MISTRAL,-2.746.995,-5.878.758,1.0,1.0,0.0,2,0.0,Colisión entre vehículos,2,Asfalto,Apto,Seca,Día,NO,Despejado,Buena,Sin Semáforo,Automóvil
244,169147,2022-10-21,8:48:00,Urbana,Avenida,LAPRIDA,5000,GABRIELA MISTRAL,-2.746.995,-5.878.758,1.0,1.0,0.0,2,0.0,Colisión entre vehículos,2,Asfalto,Apto,Seca,Día,NO,Despejado,Buena,Sin Semáforo,Motocicleta
245,139213,2022-10-21,15:50:00,Urbana,Avenida,AV 3 DE ABRIL,1900,PARAGUAY,-2.747.674,-5.882.745,2.0,0.0,0.0,2,0.0,Colisión entre vehículos,2,Asfalto,Apto,Seca,Día,NO,Despejado,Buena,Funciona,Automóvil
246,139213,2022-10-21,15:50:00,Urbana,Avenida,AV 3 DE ABRIL,1900,PARAGUAY,-2.747.674,-5.882.745,2.0,0.0,0.0,2,0.0,Colisión entre vehículos,2,Asfalto,Apto,Seca,Día,NO,Despejado,Buena,Funciona,Automóvil
247,166847,2022-10-21,8:13:00,Urbana,Calle,HUNGRÍA,3400,NIÑO JESÚS,-2.747.153,-5.880.051,1.0,1.0,0.0,2,0.0,Colisión entre vehículos,2,Asfalto,Apto,,,NO,Despejado,Buena,Sin Semáforo,Camioneta/Utilitario
248,166847,2022-10-21,8:13:00,Urbana,Calle,HUNGRÍA,3400,NIÑO JESÚS,-2.747.153,-5.880.051,1.0,1.0,0.0,2,0.0,Colisión entre vehículos,2,Asfalto,Apto,,,NO,Despejado,Buena,Sin Semáforo,Motocicleta
249,175474,2022-10-20,10:59:00,Urbana,Avenida,AVENIDA COSTANERA,1,AVENIDA 3 DE ABRIL,-2.747.332,-5.885.552,2.0,0.0,0.0,2,0.0,Colisión entre vehículos,2,Asfalto,Apto,Seca,,,Despejado,,Funciona,Automóvil
250,175474,2022-10-20,10:59:00,Urbana,Avenida,AVENIDA COSTANERA,1,AVENIDA 3 DE ABRIL,-2.747.332,-5.885.552,2.0,0.0,0.0,2,0.0,Colisión entre vehículos,2,Asfalto,Apto,Seca,,,Despejado,,Funciona,Transporte de carga
251,134856,2022-10-19,13:30:00,Urbana,Avenida,AV FERRE,1600,GDOR. MARTIN GOITIA,,,1.0,1.0,0.0,2,0.0,Colisión entre vehículos,2,Asfalto,Apto,Seca,Día,NO,Despejado,Buena,Sin Semáforo,Automóvil
252,134856,2022-10-19,13:30:00,Urbana,Avenida,AV FERRE,1600,GDOR. MARTIN GOITIA,,,1.0,1.0,0.0,2,0.0,Colisión entre vehículos,2,Asfalto,Apto,Seca,Día,NO,Despejado,Buena,Sin Semáforo,Motocicleta
253,134819,2022-10-19,11:30:00,Urbana,Calle,BRASIL,,SAN MARTIN,,,2.0,0.0,0.0,2,0.0,Colisión entre vehículos,2,Asfalto,Apto,Seca,Día,NO,Despejado,Buena,,Automóvil
254,134819,2022-10-19,11:30:00,Urbana,Calle,BRASIL,,SAN MARTIN,,,2.0,0.0,0.0,2,0.0,Colisión entre vehículos,2,Asfalto,Apto,Seca,Día,NO,Despejado,Buena,,Automóvil
255,140938,2022-10-18,2:30:00,Urbana,Calle,MENDOZA,1600,LAVALLE,,,1.0,1.0,0.0,2,0.0,Colisión entre vehículos,2,Asfalto,Apto,Seca,Noche,SI,Despejado,Buena,Sin Semáforo,Automóvil
256,140938,2022-10-18,2:30:00,Urbana,Calle,MENDOZA,1600,LAVALLE,,,1.0,1.0,0.0,2,0.0,Colisión entre vehículos,2,Asfalto,Apto,Seca,Noche,SI,Despejado,Buena,Sin Semáforo,Motocicleta
257,143759,2022-10-17,17:49:00,Urbana,Calle,SAN MARTIN,1300,CORDOBA,,,1.0,1.0,0.0,2,0.0,Colisión entre vehículos,2,Asfalto,Apto,Seca,Día,NO,Despejado,Buena,Sin Semáforo,Automóvil
258,143759,2022-10-17,17:49:00,Urbana,Calle,SAN MARTIN,1300,CORDOBA,,,1.0,1.0,0.0,2,0.0,Colisión entre vehículos,2,Asfalto,Apto,Seca,Día,NO,Despejado,Buena,Sin Semáforo,Bicicleta
259,169161,2022-10-17,12:30:00,Urbana,Avenida,AVENIDA COSTANERA JUAN PABLO II,1800,GENERAL PAZ,-2.747.584,-5.885.555,0.0,2.0,0.0,2,0.0,Colisión entre vehículos,2,Asfalto,Apto,Seca,Día,NO,Despejado,Buena,Sin Semáforo,Automóvil
260,169161,2022-10-17,12:30:00,Urbana,Avenida,AVENIDA COSTANERA JUAN PABLO II,1800,GENERAL PAZ,-2.747.584,-5.885.555,0.0,2.0,0.0,2,0.0,Colisión entre vehículos,2,Asfalto,Apto,Seca,Día,NO,Despejado,Buena,Sin Semáforo,Motocicleta
261,175463,2022-10-17,7:15:00,Urbana,Avenida,AV FERRE,2000,AV ARTIGAS,,,1.0,0.0,0.0,2,0.0,Colisión entre vehículos,2,Asfalto,Apto,Seca,Día,,Despejado,,Funciona,Automóvil
262,175463,2022-10-17,7:15:00,Urbana,Avenida,AV FERRE,2000,AV ARTIGAS,,,1.0,0.0,0.0,2,0.0,Colisión entre vehículos,2,Asfalto,Apto,Seca,Día,,Despejado,,Funciona,Automóvil
263,167752,2022-10-17,15:20:00,Urbana,Calle,PERÚ,1200,SIMÓN BOLÍVAR,,,2.0,0.0,0.0,2,0.0,Colisión entre vehículos,2,Asfalto,Apto,"Despejada, Seca",Día,NO,Despejado,Buena,Sin Semáforo,Automóvil
264,167752,2022-10-17,15:20:00,Urbana,Calle,PERÚ,1200,SIMÓN BOLÍVAR,,,2.0,0.0,0.0,2,0.0,Colisión entre vehículos,2,Asfalto,Apto,"Despejada, Seca",Día,NO,Despejado,Buena,Sin Semáforo,Automóvil
265,143764,2022-10-16,12:15:00,Urbana,Calle,QUINQUELA MARTIN,900,LAFERRERE,,,0.0,2.0,0.0,1,0.0,Colisión entre vehículos,1,Asfalto,Apto,Seca,Día,NO,Despejado,Buena,Sin Semáforo,Motocicleta
266,174826,2022-10-16,13:00:00,Urbana,Avenida,3 DE abril,1300,CÓRDOBA,,,3.0,0.0,0.0,3,0.0,Colisión entre vehículos,3,Asfalto,Apto,Seca,Día,,Despejado,,Funciona,Automóvil
267,174826,2022-10-16,13:00:00,Urbana,Avenida,3 DE abril,1300,CÓRDOBA,,,3.0,0.0,0.0,3,0.0,Colisión entre vehículos,3,Asfalto,Apto,Seca,Día,,Despejado,,Funciona,Automóvil
268,174826,2022-10-16,13:00:00,Urbana,Avenida,3 DE abril,1300,CÓRDOBA,,,3.0,0.0,0.0,3,0.0,Colisión entre vehículos,3,Asfalto,Apto,Seca,Día,,Despejado,,Funciona,Automóvil
269,157745,2022-10-16,17:28:00,Urbana,,GOBERNADOR RUIZ,2200,,,,0.0,2.0,0.0,1,0.0,Colisión entre vehículos,1,Asfalto,Apto,Seca,,NO,Nublado,Buena,Sin Semáforo,Motocicleta
270,169850,2022-10-16,11:50:00,Urbana,Calle,SAN LORENZO,1100,,-2.747.024,-5.883.208,3.0,0.0,0.0,3,0.0,Colisión entre vehículos,3,Asfalto,Apto,"Despejada, Seca",Día,NO,Despejado,Buena,Funciona,Automóvil
271,169850,2022-10-16,11:50:00,Urbana,Calle,SAN LORENZO,1100,,-2.747.024,-5.883.208,3.0,0.0,0.0,3,0.0,Colisión entre vehículos,3,Asfalto,Apto,"Despejada, Seca",Día,NO,Despejado,Buena,Funciona,Automóvil
272,169850,2022-10-16,11:50:00,Urbana,Calle,SAN LORENZO,1100,,-2.747.024,-5.883.208,3.0,0.0,0.0,3,0.0,Colisión entre vehículos,3,Asfalto,Apto,"Despejada, Seca",Día,NO,Despejado,Buena,Funciona,Automóvil
273,171746,2022-10-15,15:35:00,Urbana,Calle,SAN MARTÍN,1600,SANTA FE,-2.747.038,-5.883.072,2.0,0.0,0.0,2,0.0,Colisión entre vehículos,2,Asfalto,Apto,"Despejada, Seca",Día,SI,Despejado,Buena,Funciona,Automóvil
274,171746,2022-10-15,15:35:00,Urbana,Calle,SAN MARTÍN,1600,SANTA FE,-2.747.038,-5.883.072,2.0,0.0,0.0,2,0.0,Colisión entre vehículos,2,Asfalto,Apto,"Despejada, Seca",Día,SI,Despejado,Buena,Funciona,Automóvil
275,132621,2022-10-15,7:27:00,Urbana,Avenida,AV CAZADORES CORRENTINOS,,LAS PIEDRAS,,,2.0,2.0,0.0,2,0.0,Colisión entre vehículos,2,Hormigón,Apto,Seca,Amanecer,NO,Despejado,Buena,,Automóvil
276,132621,2022-10-15,7:27:00,Urbana,Avenida,AV CAZADORES CORRENTINOS,,LAS PIEDRAS,,,2.0,2.0,0.0,2,0.0,Colisión entre vehículos,2,Hormigón,Apto,Seca,Amanecer,NO,Despejado,Buena,,Motocicleta
277,145180,2022-10-15,17:20:00,,Ruta Provincial,RUTA 5,"1,5",,,,2.0,0.0,0.0,2,0.0,Colisión entre vehículos,2,Asfalto,Apto,,Día,NO,Despejado,Buena,Intermitente,Automóvil
278,145180,2022-10-15,17:20:00,,Ruta Provincial,RUTA 5,"1,5",,,,2.0,0.0,0.0,2,0.0,Colisión entre vehículos,2,Asfalto,Apto,,Día,NO,Despejado,Buena,Intermitente,Camioneta/Utilitario
279,165347,2022-10-15,20:10:00,Urbana,Avenida,AVENIDA J.R. VIDAL,2200,MADARIAGA,-2.748.511,-5.881.604,1.0,1.0,0.0,2,0.0,Colisión entre vehículos,2,Hormigón,Apto,,Noche,SI,Despejado,Buena,Sin Semáforo,Automóvil
280,165347,2022-10-15,20:10:00,Urbana,Avenida,AVENIDA J.R. VIDAL,2200,MADARIAGA,-2.748.511,-5.881.604,1.0,1.0,0.0,2,0.0,Colisión entre vehículos,2,Hormigón,Apto,,Noche,SI,Despejado,Buena,Sin Semáforo,Motocicleta
281,166845,2022-10-14,10:20:00,Urbana,Avenida,AVENIDA ARTÍGAS,1100,SIMÓN BOLÍVAR,-2.747.269,-5.881.891,2.0,0.0,0.0,2,0.0,Colisión entre vehículos,2,Asfalto,Apto,Despejada,Día,NO,Despejado,Buena,Sin Semáforo,Automóvil
282,166845,2022-10-14,10:20:00,Urbana,Avenida,AVENIDA ARTÍGAS,1100,SIMÓN BOLÍVAR,-2.747.269,-5.881.891,2.0,0.0,0.0,2,0.0,Colisión entre vehículos,2,Asfalto,Apto,Despejada,Día,NO,Despejado,Buena,Sin Semáforo,Motocicleta
283,167697,2022-10-14,9:10:00,Urbana,Avenida,AVENIDA LIBERTAD,603,,,,1.0,0.0,0.0,1,0.0,Despiste,1,Hormigón,Apto,Seca,Día,NO,Despejado,Buena,Sin Semáforo,Automóvil
284,174257,2022-10-14,8:40:00,Urbana,Calle,ESPAÑA,1800,PUJOL,,,1.0,1.0,0.0,2,0.0,Colisión entre vehículos,2,Asfalto,Apto,Seca,Día,,Despejado,,Sin Semáforo,Automóvil
285,174257,2022-10-14,8:40:00,Urbana,Calle,ESPAÑA,1800,PUJOL,,,1.0,1.0,0.0,2,0.0,Colisión entre vehículos,2,Asfalto,Apto,Seca,Día,,Despejado,,Sin Semáforo,Automóvil
286,176146,2022-10-13,10:20:00,Urbana,Avenida,CHACABUCO,2800,,,,1.0,1.0,0.0,2,0.0,Colisión entre vehículos,2,Asfalto,Apto,Seca,Día,,Despejado,,Sin Semáforo,Automóvil
287,176146,2022-10-13,10:20:00,Urbana,Avenida,CHACABUCO,2800,,,,1.0,1.0,0.0,2,0.0,Colisión entre vehículos,2,Asfalto,Apto,Seca,Día,,Despejado,,Sin Semáforo,Bicicleta
288,176149,2022-10-13,16:45:00,Urbana,Avenida,ARMENIA,4600,JOSE INGENIERO,,,2.0,0.0,0.0,2,0.0,,2,Asfalto,Apto,Seca,Día,,Despejado,,Sin Semáforo,Automóvil
289,176149,2022-10-13,16:45:00,Urbana,Avenida,ARMENIA,4600,JOSE INGENIERO,,,2.0,0.0,0.0,2,0.0,,2,Asfalto,Apto,Seca,Día,,Despejado,,Sin Semáforo,Motocicleta
290,141865,2022-10-13,6:10:00,Urbana,Calle,9 DE julio,1100,MENDOZA,,,1.0,0.0,0.0,1,0.0,Despiste,1,Asfalto,Apto,Seca,Amanecer,SI,Despejado,Buena,Funciona,Camioneta/Utilitario
291,152943,2022-10-12,9:59:00,Urbana,Avenida,AV ARMENIA,2637,,,,2.0,0.0,0.0,2,0.0,Colisión entre vehículos,2,Asfalto,Apto,"Despejada, Seca",Día,NO,Nublado,Buena,Sin Semáforo,Automóvil
292,152943,2022-10-12,9:59:00,Urbana,Avenida,AV ARMENIA,2637,,,,2.0,0.0,0.0,2,0.0,Colisión entre vehículos,2,Asfalto,Apto,"Despejada, Seca",Día,NO,Nublado,Buena,Sin Semáforo,Camioneta/Utilitario
293,147087,2022-10-12,10:10:00,Urbana,Calle,A. CORREA FERNNDEZ,,SASRMIENTO,,,0.0,1.0,0.0,1,0.0,Vuelco (solo 1 participante),1,Asfalto,Apto,Despejada,Día,NO,Despejado,Buena,Sin Semáforo,Automóvil
294,136374,2022-10-11,8:10:00,Urbana,Avenida,SAN JUAN,,AV. 3 DE ABRIL,,,0.0,2.0,0.0,1,1.0,Atropello a peatón/es,2,Asfalto,Apto,Seca,Día,NO,Despejado,Buena,,Motocicleta
295,136374,2022-10-11,8:10:00,Urbana,Avenida,SAN JUAN,,AV. 3 DE ABRIL,,,0.0,2.0,0.0,1,1.0,Atropello a peatón/es,2,Asfalto,Apto,Seca,Día,NO,Despejado,Buena,,Peatón
296,157822,2022-10-10,8:30:00,Urbana,Avenida,AV PEDRO FERRE,2100,BRASIL,-2.747.722,-5.882.507,2.0,1.0,0.0,2,0.0,Colisión entre vehículos,2,Asfalto,Apto,"Despejada, Seca",Día,NO,Despejado,Buena,Funciona,Automóvil
297,157822,2022-10-10,8:30:00,Urbana,Avenida,AV PEDRO FERRE,2100,BRASIL,-2.747.722,-5.882.507,2.0,1.0,0.0,2,0.0,Colisión entre vehículos,2,Asfalto,Apto,"Despejada, Seca",Día,NO,Despejado,Buena,Funciona,Motocicleta
298,162787,2022-10-10,10:50:00,Urbana,Avenida,AVDA. 3 DE ABRIL,1700,ESPAÑA,-2.747.640,-5.883.016,1.0,1.0,0.0,1,1.0,Atropello a peatón/es,2,Asfalto,Apto,Despejada,Día,NO,"Despejado, Viento",Buena,Funciona,Peatón
299,162787,2022-10-10,10:50:00,Urbana,Avenida,AVDA. 3 DE ABRIL,1700,ESPAÑA,-2.747.640,-5.883.016,1.0,1.0,0.0,1,1.0,Atropello a peatón/es,2,Asfalto,Apto,Despejada,Día,NO,"Despejado, Viento",Buena,Funciona,Transporte de carga
300,168134,2022-10-09,10:10:00,Urbana,Calle,URUGUAY,2000,MARIANO MORENO,-2.747.426,-5.882.601,1.0,1.0,0.0,2,0.0,Colisión entre vehículos,2,Asfalto,Apto,Despejada,Día,NO,Despejado,Buena,Sin Semáforo,Motocicleta
301,168134,2022-10-09,10:10:00,Urbana,Calle,URUGUAY,2000,MARIANO MORENO,-2.747.426,-5.882.601,1.0,1.0,0.0,2,0.0,Colisión entre vehículos,2,Asfalto,Apto,Despejada,Día,NO,Despejado,Buena,Sin Semáforo,Camioneta/Utilitario
302,134863,2022-10-09,19:40:00,Rural,Ruta Nacional,12,1039,,,,2.0,0.0,0.0,2,0.0,Colisión entre vehículos,2,Asfalto,Apto,Seca,Atardecer,SI,Despejado,Buena,Sin Semáforo,Automóvil
303,134863,2022-10-09,19:40:00,Rural,Ruta Nacional,12,1039,,,,2.0,0.0,0.0,2,0.0,Colisión entre vehículos,2,Asfalto,Apto,Seca,Atardecer,SI,Despejado,Buena,Sin Semáforo,Automóvil
304,136414,2022-10-07,10:40:00,Urbana,Avenida,AV MAIPU,1300,,-2.748.941,-5.882.074,1.0,2.0,0.0,2,0.0,Colisión entre vehículos,2,Asfalto,Baches,Seca,Día,NO,Despejado,Buena,Sin Semáforo,Motocicleta
305,136414,2022-10-07,10:40:00,Urbana,Avenida,AV MAIPU,1300,,-2.748.941,-5.882.074,1.0,2.0,0.0,2,0.0,Colisión entre vehículos,2,Asfalto,Baches,Seca,Día,NO,Despejado,Buena,Sin Semáforo,Motocicleta
306,152960,2022-10-07,14:15:00,Urbana,Calle,HIPOLITO YRIGOYEN,1000,LA RIOJA,,,1.0,1.0,0.0,2,0.0,Colisión entre vehículos,2,Asfalto,Apto,"Despejada, Seca",Día,NO,Despejado,Buena,Funciona,Automóvil
307,152960,2022-10-07,14:15:00,Urbana,Calle,HIPOLITO YRIGOYEN,1000,LA RIOJA,,,1.0,1.0,0.0,2,0.0,Colisión entre vehículos,2,Asfalto,Apto,"Despejada, Seca",Día,NO,Despejado,Buena,Funciona,Motocicleta
308,163572,2022-10-06,22:30:00,Urbana,Avenida,AV. TENIENTE IBAÑEZ,1050,JOSE R. VIDAL,-2.748.526,-5.883.992,2.0,0.0,0.0,2,0.0,Colisión entre vehículos,2,Hormigón,Apto,Seca,Noche,SI,Despejado,Buena,Funciona,Automóvil
309,163572,2022-10-06,22:30:00,Urbana,Avenida,AV. TENIENTE IBAÑEZ,1050,JOSE R. VIDAL,-2.748.526,-5.883.992,2.0,0.0,0.0,2,0.0,Colisión entre vehículos,2,Hormigón,Apto,Seca,Noche,SI,Despejado,Buena,Funciona,Motocicleta
310,175448,2022-10-06,6:10:00,Urbana,Avenida,CHACABUCO,1100,SAN MARTIN,,,1.0,1.0,0.0,2,0.0,Colisión entre vehículos,2,Asfalto,Apto,Seca,Día,,Despejado,,Sin Semáforo,Motocicleta
311,175448,2022-10-06,6:10:00,Urbana,Avenida,CHACABUCO,1100,SAN MARTIN,,,1.0,1.0,0.0,2,0.0,Colisión entre vehículos,2,Asfalto,Apto,Seca,Día,,Despejado,,Sin Semáforo,Transporte de pasajeros
312,168135,2022-10-06,10:15:00,Urbana,Calle,MEDRANO,3000,,-2.749.462,-5.879.984,2.0,0.0,0.0,2,0.0,Colisión entre vehículos,2,Asfalto,Apto,Despejada,Día,NO,Despejado,Buena,Sin Semáforo,Motocicleta
313,168135,2022-10-06,10:15:00,Urbana,Calle,MEDRANO,3000,,-2.749.462,-5.879.984,2.0,0.0,0.0,2,0.0,Colisión entre vehículos,2,Asfalto,Apto,Despejada,Día,NO,Despejado,Buena,Sin Semáforo,Motocicleta
314,175470,2022-10-05,7:35:00,Urbana,Avenida,AVENIDA PAYSANDU,3500,CRUZ DEL EJE,,,2.0,0.0,0.0,1,0.0,Otro,1,Asfalto,Apto,Seca,Día,,Despejado,,Sin Semáforo,Motocicleta
315,134854,2022-10-04,12:00:00,Urbana,Avenida,AV MAIPU,6000,13 DE junio,,,3.0,0.0,0.0,3,0.0,Colisión entre vehículos,3,Hormigón,Apto,Seca,Día,NO,Despejado,Buena,Sin Semáforo,Automóvil
316,134854,2022-10-04,12:00:00,Urbana,Avenida,AV MAIPU,6000,13 DE junio,,,3.0,0.0,0.0,3,0.0,Colisión entre vehículos,3,Hormigón,Apto,Seca,Día,NO,Despejado,Buena,Sin Semáforo,Automóvil
317,134854,2022-10-04,12:00:00,Urbana,Avenida,AV MAIPU,6000,13 DE junio,,,3.0,0.0,0.0,3,0.0,Colisión entre vehículos,3,Hormigón,Apto,Seca,Día,NO,Despejado,Buena,Sin Semáforo,Automóvil
318,144734,2022-10-04,16:52:00,Urbana,Avenida,AV. LIBERTAD,,RUTA 12,,,1.0,1.0,0.0,2,0.0,Colisión entre vehículos,2,Asfalto,Apto,Seca,Día,NO,Despejado,Buena,Funciona,Automóvil
319,144734,2022-10-04,16:52:00,Urbana,Avenida,AV. LIBERTAD,,RUTA 12,,,1.0,1.0,0.0,2,0.0,Colisión entre vehículos,2,Asfalto,Apto,Seca,Día,NO,Despejado,Buena,Funciona,Motocicleta
320,157807,2022-10-04,13:20:00,,Calle,SAN LUIS,,BOLÍVAR,-2.747.031,-5.884.319,1.0,1.0,0.0,2,0.0,Colisión entre vehículos,2,Hormigón,Apto,Despejada,Día,NO,Despejado,Buena,Sin Semáforo,Automóvil
321,157807,2022-10-04,13:20:00,,Calle,SAN LUIS,,BOLÍVAR,-2.747.031,-5.884.319,1.0,1.0,0.0,2,0.0,Colisión entre vehículos,2,Hormigón,Apto,Despejada,Día,NO,Despejado,Buena,Sin Semáforo,Motocicleta