,id_feu,siniestro_fecha,siniestro_hora,zona_ocurrencia,via_publica,nombre_via,altura_km,entre_calle_1,latitud,longitud,ilesos,heridos,fallecidos,vehiculos,peatones,tipo_siniestro_unico,cantidad_de_involucrados,material_de_la_calzada,estado_de_la_calzada,estado_fisico_ambiental,luminosidad,luz_artificial,estado_ambiental,visibilidad,semaforo,tipo_involucrado
322,164614,2022-10-04,8:05:00,Urbana,Calle,CATAMARCA,853,JUNÍN,-2.746.742,-5.883.299,2.0,0.0,0.0,2,0.0,Colisión entre vehículos,2,Asfalto,Apto,Seca,Día,NO,Despejado,Buena,Funciona,Automóvil
323,164614,2022-10-04,8:05:00,Urbana,Calle,CATAMARCA,853,JUNÍN,-2.746.742,-5.883.299,2.0,0.0,0.0,2,0.0,Colisión entre vehículos,2,Asfalto,Apto,Seca,Día,NO,Despejado,Buena,Funciona,Transporte de pasajeros
324,151161,2022-10-04,15:21:00,,,CUBA,,RAMOS MEJIA,,,0.0,2.0,0.0,2,0.0,Colisión entre vehículos,2,Asfalto,Apto,Seca,Día,NO,Despejado,Buena,Sin Semáforo,Motocicleta
325,151161,2022-10-04,15:21:00,,,CUBA,,RAMOS MEJIA,,,0.0,2.0,0.0,2,0.0,Colisión entre vehículos,2,Asfalto,Apto,Seca,Día,NO,Despejado,Buena,Sin Semáforo,Motocicleta
326,157823,2022-10-02,14:06:00,Urbana,Calle,RIVADAVIA,1000,SAN JUAN,-2.747.434,-5.883.745,2.0,0.0,0.0,2,0.0,Colisión entre vehículos,2,Asfalto,Apto,"Despejada, Seca",Día,NO,Despejado,Buena,Sin Semáforo,Automóvil
327,157823,2022-10-02,14:06:00,Urbana,Calle,RIVADAVIA,1000,SAN JUAN,-2.747.434,-5.883.745,2.0,0.0,0.0,2,0.0,Colisión entre vehículos,2,Asfalto,Apto,"Despejada, Seca",Día,NO,Despejado,Buena,Sin Semáforo,Transporte de carga
328,153796,2022-10-02,8:28:00,Urbana,Avenida,ROTONDA PONCHO VERDE,2100,,,,2.0,0.0,0.0,2,0.0,Colisión entre vehículos,2,Asfalto,Apto,"Despejada, Seca",Día,NO,Despejado,Buena,Sin Semáforo,Automóvil
329,153796,2022-10-02,8:28:00,Urbana,Avenida,ROTONDA PONCHO VERDE,2100,,,,2.0,0.0,0.0,2,0.0,Colisión entre vehículos,2,Asfalto,Apto,"Despejada, Seca",Día,NO,Despejado,Buena,Sin Semáforo,Camioneta/Utilitario
330,156562,2022-10-02,15:00:00,Urbana,Avenida,AV. DR ROMERO,,SUIPACHA,,,0.0,1.0,0.0,1,0.0,Colisión entre vehículos,1,Asfalto,Apto,Seca,Día,NO,Despejado,Buena,Sin Semáforo,Motocicleta
331,156553,2022-10-02,18:10:00,Urbana,Avenida,AV ALFONSIN,4800,ONTIVEROS,-2.747.596,-5.879.264,1.0,1.0,0.0,2,0.0,Colisión entre vehículos,2,Hormigón,Apto,Seca,Día,NO,Despejado,Buena,Sin Semáforo,Automóvil
332,156553,2022-10-02,18:10:00,Urbana,Avenida,AV ALFONSIN,4800,ONTIVEROS,-2.747.596,-5.879.264,1.0,1.0,0.0,2,0.0,Colisión entre vehículos,2,Hormigón,Apto,Seca,Día,NO,Despejado,Buena,Sin Semáforo,Motocicleta
333,145740,2022-10-01,20:30:00,Urbana,Avenida,AV. MAIPU,,ROTONDA SANTA CATALINA,,,2.0,0.0,0.0,2,0.0,Colisión entre vehículos,2,Asfalto,Apto,Seca,Noche,SI,Despejado,Buena,Sin Semáforo,Automóvil
334,145740,2022-10-01,20:30:00,Urbana,Avenida,AV. MAIPU,,ROTONDA SANTA CATALINA,,,2.0,0.0,0.0,2,0.0,Colisión entre vehículos,2,Asfalto,Apto,Seca,Noche,SI,Despejado,Buena,Sin Semáforo,Motocicleta
335,147085,2022-10-01,9:20:00,Urbana,Avenida,AV MAIPU,,ALTA GRACIA,,,2.0,0.0,0.0,2,0.0,Colisión entre vehículos,2,,,"Despejada, Seca",Día,NO,Despejado,Buena,Funciona,Automóvil
336,147085,2022-10-01,9:20:00,Urbana,Avenida,AV MAIPU,,ALTA GRACIA,,,2.0,0.0,0.0,2,0.0,Colisión entre vehículos,2,,,"Despejada, Seca",Día,NO,Despejado,Buena,Funciona,Motocicleta
337,165344,2022-10-01,9:20:00,Urbana,Avenida,GOBERNADARO JOSÉ MARÍA ROLÓN,2555,SANTIAGO DEL ESTERO,-2.746.172,-5.881.741,1.0,0.0,0.0,1,0.0,Choque,1,Asfalto,Apto,"Despejada, Seca",Día,NO,Despejado,,Sin Semáforo,Automóvil
338,135581,2022-10-01,12:40:00,Urbana,Ruta Nacional,12,2700,VERONA,-2.749.613,-5.877.746,1.0,1.0,0.0,2,0.0,Colisión entre vehículos,2,Asfalto,Apto,Seca,Día,NO,Despejado,Buena,Sin Semáforo,Automóvil
339,135581,2022-10-01,12:40:00,Urbana,Ruta Nacional,12,2700,VERONA,-2.749.613,-5.877.746,1.0,1.0,0.0,2,0.0,Colisión entre vehículos,2,Asfalto,Apto,Seca,Día,NO,Despejado,Buena,Sin Semáforo,Motocicleta
340,156585,2022-10-01,12:50:00,Urbana,,AV.3 DE ABRIL,,ESPAÑA,,,3.0,0.0,0.0,3,0.0,Colisión entre vehículos,3,Asfalto,Apto,Seca,Día,NO,Despejado,Buena,Funciona,Automóvil
341,156585,2022-10-01,12:50:00,Urbana,,AV.3 DE ABRIL,,ESPAÑA,,,3.0,0.0,0.0,3,0.0,Colisión entre vehículos,3,Asfalto,Apto,Seca,Día,NO,Despejado,Buena,Funciona,Automóvil
342,156585,2022-10-01,12:50:00,Urbana,,AV.3 DE ABRIL,,ESPAÑA,,,3.0,0.0,0.0,3,0.0,Colisión entre vehículos,3,Asfalto,Apto,Seca,Día,NO,Despejado,Buena,Funciona,Motocicleta
343,145039,2022-10-01,15:21:00,Urbana,Avenida,AV MAIPU,3200,LOS MATACOS,,,1.0,1.0,0.0,2,0.0,Colisión entre vehículos,2,Asfalto,Apto,"Despejada, Seca",Día,NO,Despejado,Buena,Sin Semáforo,Automóvil
344,145039,2022-10-01,15:21:00,Urbana,Avenida,AV MAIPU,3200,LOS MATACOS,,,1.0,1.0,0.0,2,0.0,Colisión entre vehículos,2,Asfalto,Apto,"Despejada, Seca",Día,NO,Despejado,Buena,Sin Semáforo,Motocicleta
345,134088,2022-10-01,13:15:00,Urbana,Avenida,AV.3 DE ABRIL,,SANTA FE,,,2.0,0.0,0.0,2,0.0,Colisión entre vehículos,2,Asfalto,Apto,Seca,Día,NO,Despejado,Buena,,Automóvil
346,134088,2022-10-01,13:15:00,Urbana,Avenida,AV.3 DE ABRIL,,SANTA FE,,,2.0,0.0,0.0,2,0.0,Colisión entre vehículos,2,Asfalto,Apto,Seca,Día,NO,Despejado,Buena,,Motocicleta
347,162766,2022-09-30,16:45:00,Urbana,Calle,SAN MARTIN,1800,PARAGUAY,-2.747.078,-5.882.697,1.0,1.0,0.0,2,0.0,Colisión entre vehículos,2,Asfalto,Apto,"Despejada, Seca",Día,NO,Despejado,Buena,Sin Semáforo,Automóvil
348,162766,2022-09-30,16:45:00,Urbana,Calle,SAN MARTIN,1800,PARAGUAY,-2.747.078,-5.882.697,1.0,1.0,0.0,2,0.0,Colisión entre vehículos,2,Asfalto,Apto,"Despejada, Seca",Día,NO,Despejado,Buena,Sin Semáforo,Motocicleta
349,159879,2022-09-30,12:10:00,Urbana,Avenida,AVDA. IBERÁ,S/N,AVDA. ESTRADA,-2.749.837,-5.883.288,2.0,1.0,0.0,2,0.0,Colisión entre vehículos,2,Hormigón,Apto,Despejada,Día,NO,Despejado,Buena,Sin Semáforo,Motocicleta
350,159879,2022-09-30,12:10:00,Urbana,Avenida,AVDA. IBERÁ,S/N,AVDA. ESTRADA,-2.749.837,-5.883.288,2.0,1.0,0.0,2,0.0,Colisión entre vehículos,2,Hormigón,Apto,Despejada,Día,NO,Despejado,Buena,Sin Semáforo,Motocicleta
351,168133,2022-09-29,8:57:00,Urbana,Calle,LAPRIDA,700,,-2.746.603,-5.878.696,1.0,2.0,0.0,2,0.0,Colisión entre vehículos,2,Asfalto,Apto,,Día,NO,Despejado,Buena,Sin Semáforo,Camioneta/Utilitario
352,168133,2022-09-29,8:57:00,Urbana,Calle,LAPRIDA,700,,-2.746.603,-5.878.696,1.0,2.0,0.0,2,0.0,Colisión entre vehículos,2,Asfalto,Apto,,Día,NO,Despejado,Buena,Sin Semáforo,Motocicleta
353,140917,2022-09-29,13:15:00,Urbana,Calle,MARIANO MORENO,1300,CORDOBA,,,2.0,0.0,0.0,2,0.0,Colisión entre vehículos,2,Asfalto,Apto,Seca,Día,NO,Despejado,Buena,Sin Semáforo,Automóvil
354,140917,2022-09-29,13:15:00,Urbana,Calle,MARIANO MORENO,1300,CORDOBA,,,2.0,0.0,0.0,2,0.0,Colisión entre vehículos,2,Asfalto,Apto,Seca,Día,NO,Despejado,Buena,Sin Semáforo,Camioneta/Utilitario
355,141870,2022-09-29,19:10:00,Urbana,Avenida,AV MAIPU,1499,ASUNCION,,,2.0,0.0,0.0,2,0.0,Colisión entre vehículos,2,Asfalto,Apto,Mojada,Noche,SI,Lluvia,Lluvia,Funciona,Motocicleta
356,141870,2022-09-29,19:10:00,Urbana,Avenida,AV MAIPU,1499,ASUNCION,,,2.0,0.0,0.0,2,0.0,Colisión entre vehículos,2,Asfalto,Apto,Mojada,Noche,SI,Lluvia,Lluvia,Funciona,Bicicleta
357,152096,2022-09-28,20:10:00,Urbana,,RIVADAVIA,,SAN LORENZO,,,1.0,1.0,0.0,2,0.0,Colisión entre vehículos,2,Asfalto,Apto,Seca,Noche,SI,Despejado,Buena,Sin Semáforo,Motocicleta
358,152096,2022-09-28,20:10:00,Urbana,,RIVADAVIA,,SAN LORENZO,,,1.0,1.0,0.0,2,0.0,Colisión entre vehículos,2,Asfalto,Apto,Seca,Noche,SI,Despejado,Buena,Sin Semáforo,Automóvil
359,162783,2022-09-27,12:40:00,Urbana,Avenida,AVDA 3 DE ABRIL,1300,CÓRDOBA,,,1.0,1.0,0.0,2,0.0,Colisión entre vehículos,2,Asfalto,Apto,Despejada,Día,NO,Despejado,Buena,Funciona,Automóvil
360,162783,2022-09-27,12:40:00,Urbana,Avenida,AVDA 3 DE ABRIL,1300,CÓRDOBA,,,1.0,1.0,0.0,2,0.0,Colisión entre vehículos,2,Asfalto,Apto,Despejada,Día,NO,Despejado,Buena,Funciona,Motocicleta
361,140974,2022-09-27,9:00:00,Urbana,Calle,GASCON,1300,,,,4.0,0.0,0.0,2,0.0,Colisión entre vehículos,2,Asfalto,Apto,Seca,Día,NO,Despejado,Buena,Sin Semáforo,Automóvil
362,140974,2022-09-27,9:00:00,Urbana,Calle,GASCON,1300,,,,4.0,0.0,0.0,2,0.0,Colisión entre vehículos,2,Asfalto,Apto,Seca,Día,NO,Despejado,Buena,Sin Semáforo,Motocicleta
363,145058,2022-09-27,14:00:00,Urbana,Avenida,AV IV CENTENARIO,3000,AV GARAY,,,1.0,1.0,0.0,2,0.0,Colisión entre vehículos,2,Asfalto,Apto,"Despejada, Seca",Día,NO,Despejado,Buena,Funciona,Automóvil
364,145058,2022-09-27,14:00:00,Urbana,Avenida,AV IV CENTENARIO,3000,AV GARAY,,,1.0,1.0,0.0,2,0.0,Colisión entre vehículos,2,Asfalto,Apto,"Despejada, Seca",Día,NO,Despejado,Buena,Funciona,Motocicleta
365,136336,2022-09-27,11:37:00,Urbana,Calle,TACUARI,2000,LAS HERAS,-2.748.425,-5.880.699,1.0,1.0,0.0,2,0.0,Colisión entre vehículos,2,Asfalto,Apto,Seca,Día,NO,Despejado,Buena,Sin Semáforo,Automóvil
366,136336,2022-09-27,11:37:00,Urbana,Calle,TACUARI,2000,LAS HERAS,-2.748.425,-5.880.699,1.0,1.0,0.0,2,0.0,Colisión entre vehículos,2,Asfalto,Apto,Seca,Día,NO,Despejado,Buena,Sin Semáforo,Motocicleta
367,151195,2022-09-26,12:01:00,Urbana,,AV. CHACABUCO,,MORENO,,,2.0,0.0,0.0,2,0.0,Colisión entre vehículos,2,Asfalto,Apto,Seca,Día,NO,Despejado,Buena,Sin Semáforo,Motocicleta
368,151195,2022-09-26,12:01:00,Urbana,,AV. CHACABUCO,,MORENO,,,2.0,0.0,0.0,2,0.0,Colisión entre vehículos,2,Asfalto,Apto,Seca,Día,NO,Despejado,Buena,Sin Semáforo,Motocicleta
369,159927,2022-09-26,11:35:00,Urbana,,QUINTANA,,MENDOZA,,,2.0,0.0,0.0,2,0.0,Colisión entre vehículos,2,Asfalto,Apto,Despejada,Día,NO,Despejado,Buena,Sin Semáforo,Transporte de pasajeros
370,159927,2022-09-26,11:35:00,Urbana,,QUINTANA,,MENDOZA,,,2.0,0.0,0.0,2,0.0,Colisión entre vehículos,2,Asfalto,Apto,Despejada,Día,NO,Despejado,Buena,Sin Semáforo,Automóvil
371,160643,2022-09-26,12:18:00,Urbana,Avenida,AVDA. MAIPÚ,689,MADARIAGA,-2.748.222,-5.882.648,2.0,0.0,0.0,2,0.0,Colisión entre vehículos,2,Asfalto,Apto,Seca,Día,NO,Despejado,Buena,Sin Semáforo,Automóvil
372,160643,2022-09-26,12:18:00,Urbana,Avenida,AVDA. MAIPÚ,689,MADARIAGA,-2.748.222,-5.882.648,2.0,0.0,0.0,2,0.0,Colisión entre vehículos,2,Asfalto,Apto,Seca,Día,NO,Despejado,Buena,Sin Semáforo,Motocicleta
373,161496,2022-09-25,14:30:00,Urbana,Calle,MANUEL BELGRANO,2600,,,,1.0,1.0,0.0,2,0.0,Colisión entre vehículos,2,Asfalto,Apto,Seca,Día,NO,Despejado,Buena,,Automóvil
374,161496,2022-09-25,14:30:00,Urbana,Calle,MANUEL BELGRANO,2600,,,,1.0,1.0,0.0,2,0.0,Colisión entre vehículos,2,Asfalto,Apto,Seca,Día,NO,Despejado,Buena,,Motocicleta
375,148181,2022-09-25,16:15:00,Urbana,,AYACUCHO,,COLOMBIA,,,2.0,0.0,0.0,2,0.0,Colisión entre vehículos,2,Asfalto,Apto,Despejada,,NO,Despejado,Buena,Sin Semáforo,Automóvil
376,148181,2022-09-25,16:15:00,Urbana,,AYACUCHO,,COLOMBIA,,,2.0,0.0,0.0,2,0.0,Colisión entre vehículos,2,Asfalto,Apto,Despejada,,NO,Despejado,Buena,Sin Semáforo,Automóvil
377,164583,2022-09-23,7:00:00,Urbana,Calle,GUEMES,1700,LAVALLE,,,1.0,1.0,0.0,1,0.0,Caída desde vehículo,1,Asfalto,Apto,"Despejada, Seca",Día,NO,Despejado,Buena,Sin Semáforo,Motocicleta
378,148182,2022-09-23,7:30:00,Urbana,,NECOCHEA,,GOBERNADOR CASTILLO,,,1.0,1.0,0.0,2,0.0,Colisión entre vehículos,2,Asfalto,Apto,Seca,Día,NO,Despejado,Buena,Sin Semáforo,Automóvil
379,148182,2022-09-23,7:30:00,Urbana,,NECOCHEA,,GOBERNADOR CASTILLO,,,1.0,1.0,0.0,2,0.0,Colisión entre vehículos,2,Asfalto,Apto,Seca,Día,NO,Despejado,Buena,Sin Semáforo,Motocicleta
380,137051,2022-09-22,12:00:00,Urbana,Avenida,3 DE abril,1300,CORDOBA,,,2.0,0.0,0.0,2,0.0,Colisión entre vehículos,2,Asfalto,Apto,Seca,Día,NO,Despejado,Buena,Funciona,Automóvil
381,137051,2022-09-22,12:00:00,Urbana,Avenida,3 DE abril,1300,CORDOBA,,,2.0,0.0,0.0,2,0.0,Colisión entre vehículos,2,Asfalto,Apto,Seca,Día,NO,Despejado,Buena,Funciona,Motocicleta
382,142692,2022-09-22,22:00:00,Urbana,Avenida,AV JUAN DOMINGO PERON,4490,DARRAGUEIRA,,,2.0,0.0,0.0,2,0.0,Colisión entre vehículos,2,Asfalto,Apto,"Despejada, Seca",Noche,SI,Despejado,Buena,Sin Semáforo,Automóvil
383,142692,2022-09-22,22:00:00,Urbana,Avenida,AV JUAN DOMINGO PERON,4490,DARRAGUEIRA,,,2.0,0.0,0.0,2,0.0,Colisión entre vehículos,2,Asfalto,Apto,"Despejada, Seca",Noche,SI,Despejado,Buena,Sin Semáforo,Automóvil
384,175475,2022-09-22,11:24:00,Urbana,Avenida,AVENIDA PATAGONIA,2200,AVENIDA PAYSANDU,-2.749.258,-5.882.439,2.0,1.0,0.0,3,0.0,Colisión entre vehículos,3,Asfalto,Apto,Seca,Día,,Despejado,,Funciona,Automóvil
385,175475,2022-09-22,11:24:00,Urbana,Avenida,AVENIDA PATAGONIA,2200,AVENIDA PAYSANDU,-2.749.258,-5.882.439,2.0,1.0,0.0,3,0.0,Colisión entre vehículos,3,Asfalto,Apto,Seca,Día,,Despejado,,Funciona,Motocicleta
386,175475,2022-09-22,11:24:00,Urbana,Avenida,AVENIDA PATAGONIA,2200,AVENIDA PAYSANDU,-2.749.258,-5.882.439,2.0,1.0,0.0,3,0.0,Colisión entre vehículos,3,Asfalto,Apto,Seca,Día,,Despejado,,Funciona,Motocicleta
387,151199,2022-09-21,12:00:00,Urbana,Avenida,AV. ARTIGAS,,AYACUCHO,,,1.0,1.0,0.0,1,0.0,Caída desde vehículo,1,Asfalto,Apto,Seca,Día,NO,,Buena,Funciona,Motocicleta
388,169867,2022-09-21,15:45:00,Urbana,Calle,TACUARÍ,2500,LARREA,-2.748.947,-5.880.802,2.0,1.0,0.0,2,0.0,Colisión entre vehículos,2,Hormigón,Apto,"Despejada, Seca",Día,NO,Despejado,Buena,Sin Semáforo,Transporte de pasajeros
389,169867,2022-09-21,15:45:00,Urbana,Calle,TACUARÍ,2500,LARREA,-2.748.947,-5.880.802,2.0,1.0,0.0,2,0.0,Colisión entre vehículos,2,Hormigón,Apto,"Despejada, Seca",Día,NO,Despejado,Buena,Sin Semáforo,Automóvil
390,134848,2022-09-20,12:15:00,Urbana,Calle,RECONQUISTA,3130,EX VIA,-2.749.369,-5.881.594,1.0,1.0,0.0,2,0.0,Colisión entre vehículos,2,Asfalto,Apto,Seca,Día,NO,Despejado,Buena,Sin Semáforo,Automóvil
391,134848,2022-09-20,12:15:00,Urbana,Calle,RECONQUISTA,3130,EX VIA,-2.749.369,-5.881.594,1.0,1.0,0.0,2,0.0,Colisión entre vehículos,2,Asfalto,Apto,Seca,Día,NO,Despejado,Buena,Sin Semáforo,Motocicleta
392,136377,2022-09-20,10:45:00,Urbana,Calle,CATAMARCA,1000,,,,2.0,0.0,0.0,2,0.0,Colisión entre vehículos,2,Asfalto,Apto,Seca,Día,NO,Despejado,Buena,,Automóvil
393,136377,2022-09-20,10:45:00,Urbana,Calle,CATAMARCA,1000,,,,2.0,0.0,0.0,2,0.0,Colisión entre vehículos,2,Asfalto,Apto,Seca,Día,NO,Despejado,Buena,,Automóvil
394,139255,2022-09-20,1:24:00,Rural,Avenida,AV MAIPU,250,GDOR TORRENT,,,1.0,1.0,0.0,2,0.0,Colisión entre vehículos,2,Asfalto,Apto,Seca,Noche,SI,Despejado,Buena,Sin Semáforo,Camioneta/Utilitario
395,139255,2022-09-20,1:24:00,Rural,Avenida,AV MAIPU,250,GDOR TORRENT,,,1.0,1.0,0.0,2,0.0,Colisión entre vehículos,2,Asfalto,Apto,Seca,Noche,SI,Despejado,Buena,Sin Semáforo,Motocicleta
396,139233,2022-09-19,8:25:00,Urbana,Calle,BELGRANO,1100,,,,2.0,0.0,0.0,2,0.0,Colisión entre vehículos,2,Asfalto,Apto,Seca,Día,,Despejado,Buena,,Camioneta/Utilitario
397,139233,2022-09-19,8:25:00,Urbana,Calle,BELGRANO,1100,,,,2.0,0.0,0.0,2,0.0,Colisión entre vehículos,2,Asfalto,Apto,Seca,Día,,Despejado,Buena,,Automóvil
398,139742,2022-09-19,20:50:00,Urbana,Calle,MEDRANO,2050,OMBU,-2.748.606,-5.879.913,1.0,1.0,0.0,2,0.0,Colisión entre vehículos,2,Asfalto,Apto,Seca,Noche,SI,Despejado,Buena,Sin Semáforo,Motocicleta
399,139742,2022-09-19,20:50:00,Urbana,Calle,MEDRANO,2050,OMBU,-2.748.606,-5.879.913,1.0,1.0,0.0,2,0.0,Colisión entre vehículos,2,Asfalto,Apto,Seca,Noche,SI,Despejado,Buena,Sin Semáforo,Camioneta/Utilitario
400,151206,2022-09-19,20:00:00,Urbana,Calle,PAYSANDU,3670,DR UNANUE,-2.750.393,-5.882.608,2.0,1.0,0.0,2,0.0,Colisión entre vehículos,2,Asfalto,Apto,Seca,Noche,SI,Despejado,Buena,Sin Semáforo,Automóvil
401,151206,2022-09-19,20:00:00,Urbana,Calle,PAYSANDU,3670,DR UNANUE,-2.750.393,-5.882.608,2.0,1.0,0.0,2,0.0,Colisión entre vehículos,2,Asfalto,Apto,Seca,Noche,SI,Despejado,Buena,Sin Semáforo,Motocicleta
402,169150,2022-09-18,20:00:00,Urbana,Calle,CÓRDOBA,1300,MANUEL BELGRANO,-2.747.225,-5.883.497,1.0,1.0,0.0,2,0.0,Colisión entre vehículos,2,Asfalto,Apto,Seca,Noche,SI,Despejado,Buena,Sin Semáforo,Motocicleta
403,169150,2022-09-18,20:00:00,Urbana,Calle,CÓRDOBA,1300,MANUEL BELGRANO,-2.747.225,-5.883.497,1.0,1.0,0.0,2,0.0,Colisión entre vehículos,2,Asfalto,Apto,Seca,Noche,SI,Despejado,Buena,Sin Semáforo,Automóvil
404,134824,2022-09-18,19:47:00,Urbana,Calle,BONASTRE,,COSQUIN,,,1.0,1.0,0.0,2,0.0,Colisión entre vehículos,2,Hormigón,Apto,Seca,Día,NO,Despejado,Buena,,Automóvil
405,134824,2022-09-18,19:47:00,Urbana,Calle,BONASTRE,,COSQUIN,,,1.0,1.0,0.0,2,0.0,Colisión entre vehículos,2,Hormigón,Apto,Seca,Día,NO,Despejado,Buena,,Motocicleta
406,175458,2022-09-18,9:50:00,Urbana,Calle,LORETO,1500,LINIERS,,,2.0,0.0,0.0,2,,Colisión entre vehículos,2,Asfalto,Apto,Seca,Día,,Despejado,,Sin Semáforo,Automóvil
407,175458,2022-09-18,9:50:00,Urbana,Calle,LORETO,1500,LINIERS,,,2.0,0.0,0.0,2,,Colisión entre vehículos,2,Asfalto,Apto,Seca,Día,,Despejado,,Sin Semáforo,Automóvil
408,159887,2022-09-18,8:28:00,Urbana,Avenida,AVDA CAZADORES CORRENTINOS,4000,OBISPO NIELLA,-2.748.693,-5.880.412,2.0,1.0,0.0,2,0.0,Colisión entre vehículos,2,Asfalto,Apto,"Despejada, Seca",Día,NO,Despejado,Buena,Sin Semáforo,Motocicleta
409,159887,2022-09-18,8:28:00,Urbana,Avenida,AVDA CAZADORES CORRENTINOS,4000,OBISPO NIELLA,-2.748.693,-5.880.412,2.0,1.0,0.0,2,0.0,Colisión entre vehículos,2,Asfalto,Apto,"Despejada, Seca",Día,NO,Despejado,Buena,Sin Semáforo,Camioneta/Utilitario
410,148993,2022-09-18,12:12:00,Urbana,Avenida,AV PUJOL,2100,BRASIL,,,2.0,0.0,0.0,2,0.0,Colisión entre vehículos,2,Asfalto,Apto,"Despejada, Seca",Día,NO,Despejado,Buena,Funciona,Automóvil
411,148993,2022-09-18,12:12:00,Urbana,Avenida,AV PUJOL,2100,BRASIL,,,2.0,0.0,0.0,2,0.0,Colisión entre vehículos,2,Asfalto,Apto,"Despejada, Seca",Día,NO,Despejado,Buena,Funciona,Automóvil
412,148175,2022-09-18,17:15:00,Urbana,Avenida,AV RAUL R. ALFONSIN,4100,LAS PIEDRAS,-2.747.469,-5.879.954,1.0,1.0,0.0,2,0.0,Colisión entre vehículos,2,Asfalto,Apto,Seca,Día,NO,Despejado,Buena,Sin Semáforo,Automóvil
413,148175,2022-09-18,17:15:00,Urbana,Avenida,AV RAUL R. ALFONSIN,4100,LAS PIEDRAS,-2.747.469,-5.879.954,1.0,1.0,0.0,2,0.0,Colisión entre vehículos,2,Asfalto,Apto,Seca,Día,NO,Despejado,Buena,Sin Semáforo,Motocicleta
414,169888,2022-09-16,8:30:00,Urbana,Calle,JUJUY,800,,-2.746.715,-5.882.780,1.0,1.0,0.0,2,0.0,Colisión entre vehículos,2,Asfalto,Apto,Despejada,Día,NO,Despejado,Buena,Sin Semáforo,Automóvil
415,169888,2022-09-16,8:30:00,Urbana,Calle,JUJUY,800,,-2.746.715,-5.882.780,1.0,1.0,0.0,2,0.0,Colisión entre vehículos,2,Asfalto,Apto,Despejada,Día,NO,Despejado,Buena,Sin Semáforo,Bicicleta
416,134855,2022-09-15,20:19:00,Urbana,Calle,GUASTAVINO,1700,LAVALLE,-2.747.626,-5.884.317,1.0,2.0,0.0,2,0.0,Colisión entre vehículos,2,Asfalto,,Seca,Atardecer,NO,Despejado,Buena,Sin Semáforo,Camioneta/Utilitario
417,134855,2022-09-15,20:19:00,Urbana,Calle,GUASTAVINO,1700,LAVALLE,-2.747.626,-5.884.317,1.0,2.0,0.0,2,0.0,Colisión entre vehículos,2,Asfalto,,Seca,Atardecer,NO,Despejado,Buena,Sin Semáforo,Motocicleta
418,142701,2022-09-15,10:15:00,Urbana,Avenida,AV J R FERNANDEZ,300,RIO TERCERO,,,2.0,0.0,0.0,2,0.0,Colisión entre vehículos,2,Asfalto,Apto,"Despejada, Seca",Día,NO,,Buena,Sin Semáforo,Automóvil
419,142701,2022-09-15,10:15:00,Urbana,Avenida,AV J R FERNANDEZ,300,RIO TERCERO,,,2.0,0.0,0.0,2,0.0,Colisión entre vehículos,2,Asfalto,Apto,"Despejada, Seca",Día,NO,,Buena,Sin Semáforo,Motocicleta
420,135580,2022-09-15,12:45:00,Urbana,Avenida,AV. CHACABUCO,3000,AV. FERRE,-2.747.850,-5.881.475,2.0,1.0,0.0,3,0.0,Colisión entre vehículos,3,Asfalto,Apto,Seca,Día,NO,Despejado,Buena,Funciona,Motocicleta
421,135580,2022-09-15,12:45:00,Urbana,Avenida,AV. CHACABUCO,3000,AV. FERRE,-2.747.850,-5.881.475,2.0,1.0,0.0,3,0.0,Colisión entre vehículos,3,Asfalto,Apto,Seca,Día,NO,Despejado,Buena,Funciona,Motocicleta
422,135580,2022-09-15,12:45:00,Urbana,Avenida,AV. CHACABUCO,3000,AV. FERRE,-2.747.850,-5.881.475,2.0,1.0,0.0,3,0.0,Colisión entre vehículos,3,Asfalto,Apto,Seca,Día,NO,Despejado,Buena,Funciona,Transporte de pasajeros
423,143723,2022-09-15,0:12:00,Urbana,Avenida,TENIENTE IBAÑEZ,1300,VARGAS GOMEZ,,,1.0,1.0,0.0,2,0.0,Colisión entre vehículos,2,Asfalto,Apto,"Despejada, Seca",Noche,SI,Despejado,,Sin Semáforo,Automóvil
424,143723,2022-09-15,0:12:00,Urbana,Avenida,TENIENTE IBAÑEZ,1300,VARGAS GOMEZ,,,1.0,1.0,0.0,2,0.0,Colisión entre vehículos,2,Asfalto,Apto,"Despejada, Seca",Noche,SI,Despejado,,Sin Semáforo,Motocicleta
425,161516,2022-09-14,12:30:00,Urbana,Avenida,AV ARMENIA,3600,20 DE mayo,-2.746.816,-5.880.381,1.0,1.0,0.0,2,0.0,Colisión entre vehículos,2,Asfalto,Apto,"Despejada, Seca",Día,NO,Nublado,Buena,Sin Semáforo,Automóvil