,id_feu,siniestro_fecha,siniestro_hora,zona_ocurrencia,via_publica,nombre_via,altura_km,entre_calle_1,latitud,longitud,ilesos,heridos,fallecidos,vehiculos,peatones,tipo_siniestro_unico,cantidad_de_involucrados,material_de_la_calzada,estado_de_la_calzada,estado_fisico_ambiental,luminosidad,luz_artificial,estado_ambiental,visibilidad,semaforo,tipo_involucrado
426,161516,2022-09-14,12:30:00,Urbana,Avenida,AV ARMENIA,3600,20 DE mayo,-2.746.816,-5.880.381,1.0,1.0,0.0,2,0.0,Colisión entre vehículos,2,Asfalto,Apto,"Despejada, Seca",Día,NO,Nublado,Buena,Sin Semáforo,Motocicleta
427,155607,2022-09-13,10:35:00,Urbana,Calle,VIEDMA,1700,ESTRADA,,,1.0,1.0,0.0,2,0.0,Colisión entre vehículos,2,Asfalto,Apto,"Despejada, Seca",Día,NO,Despejado,Buena,Sin Semáforo,Automóvil
428,155607,2022-09-13,10:35:00,Urbana,Calle,VIEDMA,1700,ESTRADA,,,1.0,1.0,0.0,2,0.0,Colisión entre vehículos,2,Asfalto,Apto,"Despejada, Seca",Día,NO,Despejado,Buena,Sin Semáforo,Motocicleta
429,162764,2022-09-12,10:45:00,Urbana,Avenida,AV LAPRIDA,1000,MISTRAL,-2.747.004,-5.878.760,1.0,1.0,0.0,2,0.0,Colisión entre vehículos,2,Asfalto,Apto,"Despejada, Seca",Día,NO,Despejado,Buena,Sin Semáforo,Camioneta/Utilitario
430,162764,2022-09-12,10:45:00,Urbana,Avenida,AV LAPRIDA,1000,MISTRAL,-2.747.004,-5.878.760,1.0,1.0,0.0,2,0.0,Colisión entre vehículos,2,Asfalto,Apto,"Despejada, Seca",Día,NO,Despejado,Buena,Sin Semáforo,Motocicleta
431,176148,2022-09-12,19:00:00,Urbana,Calle,HIPOLITO YRIGOYEN,1200,MENDOZA,,,1.0,1.0,0.0,1,1.0,Atropello a peatón/es,2,Asfalto,Apto,Seca,Día,,Despejado,,Funciona,Automóvil
432,176148,2022-09-12,19:00:00,Urbana,Calle,HIPOLITO YRIGOYEN,1200,MENDOZA,,,1.0,1.0,0.0,1,1.0,Atropello a peatón/es,2,Asfalto,Apto,Seca,Día,,Despejado,,Funciona,Peatón
433,143728,2022-09-11,7:45:00,Urbana,Calle,SAN MARTIN,1800,PARAGUA,,,1.0,1.0,0.0,2,0.0,Choque,2,Asfalto,Apto,"Despejada, Seca",Día,NO,Despejado,Buena,Sin Semáforo,Automóvil
434,143728,2022-09-11,7:45:00,Urbana,Calle,SAN MARTIN,1800,PARAGUA,,,1.0,1.0,0.0,2,0.0,Choque,2,Asfalto,Apto,"Despejada, Seca",Día,NO,Despejado,Buena,Sin Semáforo,Automóvil
435,146704,2022-09-11,7:15:00,Urbana,,GUEMES,,LA MADRID,,,1.0,1.0,0.0,2,0.0,Colisión entre vehículos,2,Hormigón,Apto,Seca,Día,NO,Nublado,Buena,Sin Semáforo,Automóvil
436,146704,2022-09-11,7:15:00,Urbana,,GUEMES,,LA MADRID,,,1.0,1.0,0.0,2,0.0,Colisión entre vehículos,2,Hormigón,Apto,Seca,Día,NO,Nublado,Buena,Sin Semáforo,Motocicleta
437,161519,2022-09-09,14:46:00,Urbana,Avenida,AV INDEPENDENCIA,4200,RIO JURAMENTO,-2.748.136,-5.879.933,1.0,1.0,0.0,2,0.0,Colisión entre vehículos,2,Asfalto,Apto,"Despejada, Seca",Día,NO,Despejado,Buena,Sin Semáforo,Automóvil
438,161519,2022-09-09,14:46:00,Urbana,Avenida,AV INDEPENDENCIA,4200,RIO JURAMENTO,-2.748.136,-5.879.933,1.0,1.0,0.0,2,0.0,Colisión entre vehículos,2,Asfalto,Apto,"Despejada, Seca",Día,NO,Despejado,Buena,Sin Semáforo,Motocicleta
439,171737,2022-09-09,7:54:00,Urbana,Calle,9 DE julio,1282,CÓRDOBA,-2.746.663,-5.883.444,2.0,0.0,0.0,2,0.0,Colisión entre vehículos,2,Asfalto,Apto,Seca,Día,NO,Despejado,Buena,Funciona,Automóvil
440,171737,2022-09-09,7:54:00,Urbana,Calle,9 DE julio,1282,CÓRDOBA,-2.746.663,-5.883.444,2.0,0.0,0.0,2,0.0,Colisión entre vehículos,2,Asfalto,Apto,Seca,Día,NO,Despejado,Buena,Funciona,Transporte de pasajeros
441,136412,2022-09-09,19:00:00,Urbana,Avenida,AV- PUJOL,2300,ROCA,-2.746.681,-5.882.121,2.0,0.0,0.0,2,0.0,Colisión entre vehículos,2,Asfalto,Apto,Despejada,Día,NO,Despejado,Buena,Sin Semáforo,Automóvil
442,136412,2022-09-09,19:00:00,Urbana,Avenida,AV- PUJOL,2300,ROCA,-2.746.681,-5.882.121,2.0,0.0,0.0,2,0.0,Colisión entre vehículos,2,Asfalto,Apto,Despejada,Día,NO,Despejado,Buena,Sin Semáforo,Automóvil
443,155562,2022-09-09,17:34:00,Urbana,Calle,BOLIVAR,1800,JUJUY,-2.747.175,-5.882.827,2.0,0.0,0.0,2,0.0,Colisión entre vehículos,2,Asfalto,Apto,Seca,Día,NO,Despejado,Buena,Sin Semáforo,Automóvil
444,155562,2022-09-09,17:34:00,Urbana,Calle,BOLIVAR,1800,JUJUY,-2.747.175,-5.882.827,2.0,0.0,0.0,2,0.0,Colisión entre vehículos,2,Asfalto,Apto,Seca,Día,NO,Despejado,Buena,Sin Semáforo,Motocicleta
445,169872,2022-09-09,8:16:00,Rural,Ruta Nacional,12,12,ACCESO AL BARRIO PONCE,-2.747.833,-5.878.270,1.0,1.0,0.0,2,0.0,Colisión entre vehículos,2,Tierra,Apto,,Día,NO,Despejado,Buena,Funciona,Automóvil
446,169872,2022-09-09,8:16:00,Rural,Ruta Nacional,12,12,ACCESO AL BARRIO PONCE,-2.747.833,-5.878.270,1.0,1.0,0.0,2,0.0,Colisión entre vehículos,2,Tierra,Apto,,Día,NO,Despejado,Buena,Funciona,Motocicleta
447,135570,2022-09-07,12:50:00,Urbana,Calle,SANTA FE,900,,,,1.0,1.0,0.0,2,0.0,Colisión entre vehículos,2,Asfalto,Apto,,Día,NO,Despejado,Buena,,Motocicleta
448,135570,2022-09-07,12:50:00,Urbana,Calle,SANTA FE,900,,,,1.0,1.0,0.0,2,0.0,Colisión entre vehículos,2,Asfalto,Apto,,Día,NO,Despejado,Buena,,Camioneta/Utilitario
449,163578,2022-09-07,10:05:00,Urbana,Ruta Provincial,RUTA 5,"0,04",CESAR ALVAREZ,-2.748.446,-5.878.012,1.0,1.0,0.0,2,0.0,Colisión entre vehículos,2,Hormigón,Apto,Seca,Día,NO,Despejado,Buena,Sin Semáforo,Motocicleta
450,163578,2022-09-07,10:05:00,Urbana,Ruta Provincial,RUTA 5,"0,04",CESAR ALVAREZ,-2.748.446,-5.878.012,1.0,1.0,0.0,2,0.0,Colisión entre vehículos,2,Hormigón,Apto,Seca,Día,NO,Despejado,Buena,Sin Semáforo,Automóvil
451,174824,2022-09-06,11:10:00,Urbana,Calle,CATAMARCA,1500,RIVADAVIA,-2.747.465,-5.883.385,2.0,0.0,0.0,2,0.0,Colisión entre vehículos,2,Asfalto,Apto,Seca,Día,,Despejado,,Sin Semáforo,Automóvil
452,174824,2022-09-06,11:10:00,Urbana,Calle,CATAMARCA,1500,RIVADAVIA,-2.747.465,-5.883.385,2.0,0.0,0.0,2,0.0,Colisión entre vehículos,2,Asfalto,Apto,Seca,Día,,Despejado,,Sin Semáforo,Automóvil
453,139230,2022-09-06,13:30:00,Urbana,Calle,SAN MARTIN,,EE.UU,,,1.0,1.0,0.0,2,0.0,Colisión entre vehículos,2,Asfalto,Apto,Seca,Día,NO,Despejado,Buena,Sin Semáforo,Automóvil
454,139230,2022-09-06,13:30:00,Urbana,Calle,SAN MARTIN,,EE.UU,,,1.0,1.0,0.0,2,0.0,Colisión entre vehículos,2,Asfalto,Apto,Seca,Día,NO,Despejado,Buena,Sin Semáforo,Motocicleta
455,147417,2022-09-05,18:41:00,,,CENTENARIO,,SANCHEZ DE BUSTAMANTE,,,1.0,1.0,0.0,2,0.0,Colisión entre vehículos,2,Asfalto,Apto,"Despejada, Seca",Atardecer,SI,Despejado,Buena,Sin Semáforo,Motocicleta
456,147417,2022-09-05,18:41:00,,,CENTENARIO,,SANCHEZ DE BUSTAMANTE,,,1.0,1.0,0.0,2,0.0,Colisión entre vehículos,2,Asfalto,Apto,"Despejada, Seca",Atardecer,SI,Despejado,Buena,Sin Semáforo,Automóvil
457,153797,2022-09-05,14:40:00,Urbana,Avenida,AV CENTENARIO,3200,,,,2.0,0.0,0.0,2,0.0,Colisión entre vehículos,2,Asfalto,Apto,"Despejada, Seca",Día,NO,Despejado,Buena,Funciona,Automóvil
458,153797,2022-09-05,14:40:00,Urbana,Avenida,AV CENTENARIO,3200,,,,2.0,0.0,0.0,2,0.0,Colisión entre vehículos,2,Asfalto,Apto,"Despejada, Seca",Día,NO,Despejado,Buena,Funciona,Motocicleta
459,162744,2022-09-05,10:40:00,Urbana,Avenida,AV CHACABUCO,1300,SUIZA,-2.747.548,-5.881.368,2.0,2.0,0.0,2,0.0,Colisión entre vehículos,2,Asfalto,Apto,"Despejada, Seca",Día,NO,Despejado,Buena,Funciona,Motocicleta
460,162744,2022-09-05,10:40:00,Urbana,Avenida,AV CHACABUCO,1300,SUIZA,-2.747.548,-5.881.368,2.0,2.0,0.0,2,0.0,Colisión entre vehículos,2,Asfalto,Apto,"Despejada, Seca",Día,NO,Despejado,Buena,Funciona,Camioneta/Utilitario
461,165351,2022-09-02,14:40:00,Urbana,Calle,MISIONES,1200,SIMÓN BOLÍVAR,-2.747.009,-5.884.572,2.0,0.0,0.0,2,0.0,Colisión entre vehículos,2,Asfalto,Apto,Despejada,Día,SI,Despejado,Buena,,Transporte de pasajeros
462,165351,2022-09-02,14:40:00,Urbana,Calle,MISIONES,1200,SIMÓN BOLÍVAR,-2.747.009,-5.884.572,2.0,0.0,0.0,2,0.0,Colisión entre vehículos,2,Asfalto,Apto,Despejada,Día,SI,Despejado,Buena,,Automóvil
463,139236,2022-09-02,6:00:00,Urbana,Avenida,AV. INDEPENDENCIA,3100,,,,1.0,0.0,0.0,3,0.0,Choque,3,Asfalto,Apto,Seca,Día,NO,Despejado,Buena,Sin Semáforo,Automóvil
464,139236,2022-09-02,6:00:00,Urbana,Avenida,AV. INDEPENDENCIA,3100,,,,1.0,0.0,0.0,3,0.0,Choque,3,Asfalto,Apto,Seca,Día,NO,Despejado,Buena,Sin Semáforo,Camioneta/Utilitario
465,139236,2022-09-02,6:00:00,Urbana,Avenida,AV. INDEPENDENCIA,3100,,,,1.0,0.0,0.0,3,0.0,Choque,3,Asfalto,Apto,Seca,Día,NO,Despejado,Buena,Sin Semáforo,Automóvil
466,158350,2022-09-02,12:13:00,Urbana,Avenida,AVDA CAZADORES CORRENTINOS,3400,TACUARÍ,-2.748.642,-5.880.730,1.0,1.0,0.0,2,0.0,Colisión entre vehículos,2,Asfalto,Apto,Seca,Día,NO,Despejado,Buena,Funciona,Automóvil
467,158350,2022-09-02,12:13:00,Urbana,Avenida,AVDA CAZADORES CORRENTINOS,3400,TACUARÍ,-2.748.642,-5.880.730,1.0,1.0,0.0,2,0.0,Colisión entre vehículos,2,Asfalto,Apto,Seca,Día,NO,Despejado,Buena,Funciona,Motocicleta
468,175499,2022-09-02,15:10:00,Urbana,Avenida,AV PUJOL,1500,,,,2.0,0.0,0.0,2,0.0,Colisión entre vehículos,2,Asfalto,Apto,Seca,Día,,Despejado,,Sin Semáforo,Automóvil
469,175499,2022-09-02,15:10:00,Urbana,Avenida,AV PUJOL,1500,,,,2.0,0.0,0.0,2,0.0,Colisión entre vehículos,2,Asfalto,Apto,Seca,Día,,Despejado,,Sin Semáforo,Automóvil
470,133401,2022-09-01,15:30:00,Urbana,Avenida,AV. ALFONSIN,,TACUARÍ,,,1.0,1.0,0.0,2,0.0,Colisión entre vehículos,2,Asfalto,Apto,Seca,Día,NO,Despejado,Buena,,Automóvil
471,133401,2022-09-01,15:30:00,Urbana,Avenida,AV. ALFONSIN,,TACUARÍ,,,1.0,1.0,0.0,2,0.0,Colisión entre vehículos,2,Asfalto,Apto,Seca,Día,NO,Despejado,Buena,,Motocicleta
472,175494,2022-09-01,18:30:00,Urbana,Avenida,AV CENTENARIO,1500,NIÑO JESUS,,,1.0,1.0,0.0,2,0.0,Colisión entre vehículos,2,Asfalto,Apto,Seca,Día,,Despejado,,S/D,Automóvil
473,175494,2022-09-01,18:30:00,Urbana,Avenida,AV CENTENARIO,1500,NIÑO JESUS,,,1.0,1.0,0.0,2,0.0,Colisión entre vehículos,2,Asfalto,Apto,Seca,Día,,Despejado,,S/D,Motocicleta
474,133387,2022-09-01,9:55:00,Urbana,Avenida,AV. MEDRANO,1600,,,,3.0,0.0,0.0,3,0.0,Colisión entre vehículos,3,Asfalto,Apto,Seca,Día,NO,Despejado,Buena,Sin Semáforo,Automóvil
475,133387,2022-09-01,9:55:00,Urbana,Avenida,AV. MEDRANO,1600,,,,3.0,0.0,0.0,3,0.0,Colisión entre vehículos,3,Asfalto,Apto,Seca,Día,NO,Despejado,Buena,Sin Semáforo,Camioneta/Utilitario
476,133387,2022-09-01,9:55:00,Urbana,Avenida,AV. MEDRANO,1600,,,,3.0,0.0,0.0,3,0.0,Colisión entre vehículos,3,Asfalto,Apto,Seca,Día,NO,Despejado,Buena,Sin Semáforo,Automóvil
477,151211,2022-08-31,14:50:00,Urbana,Avenida,AV ARMENIA,4500,CANAL 13,,,1.0,1.0,0.0,2,0.0,Colisión entre vehículos,2,Asfalto,Apto,"Despejada, Seca",Día,NO,Despejado,Buena,Funciona,Motocicleta
478,151211,2022-08-31,14:50:00,Urbana,Avenida,AV ARMENIA,4500,CANAL 13,,,1.0,1.0,0.0,2,0.0,Colisión entre vehículos,2,Asfalto,Apto,"Despejada, Seca",Día,NO,Despejado,Buena,Funciona,Transporte de pasajeros
479,164599,2022-08-31,7:50:00,Urbana,Avenida,AV RAUL ALFONSIN,5200,SANCHEZ DE BUSTAMANTE,-2.747.702,-5.878.785,2.0,1.0,0.0,2,0.0,Colisión entre vehículos,2,Asfalto,Apto,"Despejada, Seca",Día,NO,Despejado,Buena,Sin Semáforo,Automóvil
480,164599,2022-08-31,7:50:00,Urbana,Avenida,AV RAUL ALFONSIN,5200,SANCHEZ DE BUSTAMANTE,-2.747.702,-5.878.785,2.0,1.0,0.0,2,0.0,Colisión entre vehículos,2,Asfalto,Apto,"Despejada, Seca",Día,NO,Despejado,Buena,Sin Semáforo,Motocicleta
481,139273,2022-08-31,20:21:00,Urbana,Ruta Provincial,5,"1,2",,,,1.0,1.0,0.0,2,0.0,Colisión entre vehículos,2,Asfalto,Apto,Seca,Noche,SI,Despejado,Buena,Funciona,Bicicleta
482,139273,2022-08-31,20:21:00,Urbana,Ruta Provincial,5,"1,2",,,,1.0,1.0,0.0,2,0.0,Colisión entre vehículos,2,Asfalto,Apto,Seca,Noche,SI,Despejado,Buena,Funciona,Motocicleta
483,161517,2022-08-31,8:16:00,Urbana,Avenida,AV LIBERTAD,5100,DARDO ROCHA,-2.746.623,-5.878.801,2.0,0.0,0.0,2,0.0,Colisión entre vehículos,2,Asfalto,Apto,"Despejada, Seca",Día,NO,Despejado,Buena,Sin Semáforo,Automóvil
484,161517,2022-08-31,8:16:00,Urbana,Avenida,AV LIBERTAD,5100,DARDO ROCHA,-2.746.623,-5.878.801,2.0,0.0,0.0,2,0.0,Colisión entre vehículos,2,Asfalto,Apto,"Despejada, Seca",Día,NO,Despejado,Buena,Sin Semáforo,Camioneta/Utilitario
485,134815,2022-08-31,15:10:00,Urbana,Calle,SALTA,1600,RIVADAVIA,,,1.0,1.0,0.0,2,0.0,Colisión entre vehículos,2,Asfalto,Apto,Seca,Día,NO,Despejado,Buena,Sin Semáforo,Automóvil
486,134815,2022-08-31,15:10:00,Urbana,Calle,SALTA,1600,RIVADAVIA,,,1.0,1.0,0.0,2,0.0,Colisión entre vehículos,2,Asfalto,Apto,Seca,Día,NO,Despejado,Buena,Sin Semáforo,Motocicleta
487,137580,2022-08-30,14:33:00,Urbana,Avenida,RAUL ALFONSIN,3200,,,,2.0,1.0,0.0,3,0.0,Colisión entre vehículos,3,Asfalto,Apto,Seca,Día,NO,Despejado,Buena,Funciona,Automóvil
488,137580,2022-08-30,14:33:00,Urbana,Avenida,RAUL ALFONSIN,3200,,,,2.0,1.0,0.0,3,0.0,Colisión entre vehículos,3,Asfalto,Apto,Seca,Día,NO,Despejado,Buena,Funciona,Camioneta/Utilitario
489,137580,2022-08-30,14:33:00,Urbana,Avenida,RAUL ALFONSIN,3200,,,,2.0,1.0,0.0,3,0.0,Colisión entre vehículos,3,Asfalto,Apto,Seca,Día,NO,Despejado,Buena,Funciona,Motocicleta
490,159929,2022-08-29,10:19:00,Urbana,,AV. ARMENIA,,MARTIN FIERRO,,,8.0,0.0,0.0,3,0.0,Colisión entre vehículos,3,,Apto,Seca,Día,NO,Despejado,Buena,Sin Semáforo,Automóvil
491,159929,2022-08-29,10:19:00,Urbana,,AV. ARMENIA,,MARTIN FIERRO,,,8.0,0.0,0.0,3,0.0,Colisión entre vehículos,3,,Apto,Seca,Día,NO,Despejado,Buena,Sin Semáforo,Automóvil
492,159929,2022-08-29,10:19:00,Urbana,,AV. ARMENIA,,MARTIN FIERRO,,,8.0,0.0,0.0,3,0.0,Colisión entre vehículos,3,,Apto,Seca,Día,NO,Despejado,Buena,Sin Semáforo,Automóvil
493,168132,2022-08-29,7:15:00,Urbana,Calle,MENDOZA,1200,LAVALLE,-2.747.714,-5.883.665,1.0,1.0,0.0,2,0.0,Colisión entre vehículos,2,Asfalto,Apto,"Despejada, Seca",Día,NO,Despejado,Buena,Sin Semáforo,Automóvil
494,168132,2022-08-29,7:15:00,Urbana,Calle,MENDOZA,1200,LAVALLE,-2.747.714,-5.883.665,1.0,1.0,0.0,2,0.0,Colisión entre vehículos,2,Asfalto,Apto,"Despejada, Seca",Día,NO,Despejado,Buena,Sin Semáforo,Bicicleta
495,168418,2022-08-29,9:10:00,Urbana,Calle,ESPAÑA,1400,BERNARIDNO RIVADAVIA,,,1.0,1.0,0.0,2,0.0,Colisión entre vehículos,2,Asfalto,Apto,Seca,,NO,Despejado,Buena,Sin Semáforo,Camioneta/Utilitario
496,168418,2022-08-29,9:10:00,Urbana,Calle,ESPAÑA,1400,BERNARIDNO RIVADAVIA,,,1.0,1.0,0.0,2,0.0,Colisión entre vehículos,2,Asfalto,Apto,Seca,,NO,Despejado,Buena,Sin Semáforo,Motocicleta
497,169895,2022-08-28,16:30:00,Urbana,Avenida,AVENIDA INDEPENDENCIA,4200,LAS PIEDRAS,-2.748.065,-5.880.052,1.0,1.0,0.0,2,0.0,Colisión entre vehículos,2,Hormigón,Apto,"Despejada, Seca",Día,NO,Despejado,Buena,Sin Semáforo,Motocicleta
498,169895,2022-08-28,16:30:00,Urbana,Avenida,AVENIDA INDEPENDENCIA,4200,LAS PIEDRAS,-2.748.065,-5.880.052,1.0,1.0,0.0,2,0.0,Colisión entre vehículos,2,Hormigón,Apto,"Despejada, Seca",Día,NO,Despejado,Buena,Sin Semáforo,Bicicleta
499,201970,2022-08-27,20:30:00,Urbana,Calle,CAZADORES CORRENTINOS,3901,RESOAGLI,,,0.0,2.0,0.0,1,1.0,Colisión entre vehículos,2,Asfalto,Apto,Seca,Noche,SI,Despejado,,Sin Semáforo,Motocicleta
500,201970,2022-08-27,20:30:00,Urbana,Calle,CAZADORES CORRENTINOS,3901,RESOAGLI,,,0.0,2.0,0.0,1,1.0,Colisión entre vehículos,2,Asfalto,Apto,Seca,Noche,SI,Despejado,,Sin Semáforo,Peatón
501,151190,2022-08-26,20:35:00,Urbana,Avenida,AV ALTA GRACIA,2200,STA CATALINA,,,1.0,0.0,0.0,1,0.0,Atropello a animal/es,1,Asfalto,Apto,Seca,Noche,SI,Despejado,Buena,Sin Semáforo,Transporte de pasajeros
502,168419,2022-08-26,15:10:00,Urbana,Avenida,AVENIDA CAZADORES CORRENTINOS,3600,RECONQUISTA,-2.748.682,-5.880.878,2.0,1.0,0.0,2,0.0,Colisión entre vehículos,2,Hormigón,Apto,"Despejada, Seca",Día,NO,Despejado,Buena,Sin Semáforo,Camioneta/Utilitario
503,168419,2022-08-26,15:10:00,Urbana,Avenida,AVENIDA CAZADORES CORRENTINOS,3600,RECONQUISTA,-2.748.682,-5.880.878,2.0,1.0,0.0,2,0.0,Colisión entre vehículos,2,Hormigón,Apto,"Despejada, Seca",Día,NO,Despejado,Buena,Sin Semáforo,Motocicleta
504,151198,2022-08-26,21:55:00,Urbana,,ROCA,,LAVALLE,,,2.0,0.0,0.0,2,0.0,Colisión entre vehículos,2,Asfalto,Apto,,Noche,SI,Despejado,Buena,Sin Semáforo,Automóvil
505,151198,2022-08-26,21:55:00,Urbana,,ROCA,,LAVALLE,,,2.0,0.0,0.0,2,0.0,Colisión entre vehículos,2,Asfalto,Apto,,Noche,SI,Despejado,Buena,Sin Semáforo,Otro
506,167702,2022-08-26,0:14:00,Rural,Ruta Provincial,5,111,,-2.748.802,-5.876.355,3.0,0.0,0.0,2,0.0,Colisión entre vehículos,2,Asfalto,Baches,Seca,Noche,NO,Despejado,,Sin Semáforo,Automóvil
507,167702,2022-08-26,0:14:00,Rural,Ruta Provincial,5,111,,-2.748.802,-5.876.355,3.0,0.0,0.0,2,0.0,Colisión entre vehículos,2,Asfalto,Baches,Seca,Noche,NO,Despejado,,Sin Semáforo,Camioneta/Utilitario
508,133384,2022-08-26,12:20:00,Urbana,Avenida,AV. MAIPU,8900,,,,2.0,0.0,0.0,2,0.0,Colisión entre vehículos,2,Asfalto,Apto,Seca,Día,NO,Despejado,Buena,Sin Semáforo,Automóvil
509,133384,2022-08-26,12:20:00,Urbana,Avenida,AV. MAIPU,8900,,,,2.0,0.0,0.0,2,0.0,Colisión entre vehículos,2,Asfalto,Apto,Seca,Día,NO,Despejado,Buena,Sin Semáforo,Automóvil
510,152973,2022-08-25,7:05:00,Urbana,Calle,ALVEAR,,BRASIL,,,1.0,0.0,0.0,1,0.0,Colisión entre vehículos,1,Asfalto,Apto,Seca,Noche,SI,Despejado,Buena,Sin Semáforo,Automóvil
511,161490,2022-08-25,22:50:00,Urbana,Calle,SAN JUAN,1000,SAN MARTÍN,-2.746.976,-5.883.700,2.0,0.0,0.0,2,0.0,Colisión entre vehículos,2,Asfalto,Apto,Seca,Noche,SI,Despejado,Buena,Funciona,Camioneta/Utilitario
512,161490,2022-08-25,22:50:00,Urbana,Calle,SAN JUAN,1000,SAN MARTÍN,-2.746.976,-5.883.700,2.0,0.0,0.0,2,0.0,Colisión entre vehículos,2,Asfalto,Apto,Seca,Noche,SI,Despejado,Buena,Funciona,Motocicleta
513,146703,2022-08-25,8:25:00,Urbana,,LAS MARGARITAS,,JOSEFINA CONTTE,,,1.0,1.0,0.0,2,0.0,Colisión entre vehículos,2,Hormigón,Apto,Seca,Día,NO,Despejado,Buena,Sin Semáforo,Automóvil
514,146703,2022-08-25,8:25:00,Urbana,,LAS MARGARITAS,,JOSEFINA CONTTE,,,1.0,1.0,0.0,2,0.0,Colisión entre vehículos,2,Hormigón,Apto,Seca,Día,NO,Despejado,Buena,Sin Semáforo,Motocicleta
515,158368,2022-08-24,11:41:00,Urbana,Calle,BOLÍVAR,600,Y SAN LUIS,-2.747.030,-5.884.320,2.0,0.0,0.0,2,0.0,Colisión entre vehículos,2,Asfalto,Apto,Seca,Día,NO,Despejado,Buena,,Automóvil
516,158368,2022-08-24,11:41:00,Urbana,Calle,BOLÍVAR,600,Y SAN LUIS,-2.747.030,-5.884.320,2.0,0.0,0.0,2,0.0,Colisión entre vehículos,2,Asfalto,Apto,Seca,Día,NO,Despejado,Buena,,Automóvil
517,172477,2022-08-24,8:00:00,Urbana,Avenida,AVENIDA MAIPÚ,1500,NUESTRA SEÑORA DE LA ASUNCIÓN,-2.749.125,-5.881.989,2.0,0.0,0.0,2,0.0,Colisión entre vehículos,2,Otro,Apto,,Día,,Despejado,,Funciona,Automóvil
518,172477,2022-08-24,8:00:00,Urbana,Avenida,AVENIDA MAIPÚ,1500,NUESTRA SEÑORA DE LA ASUNCIÓN,-2.749.125,-5.881.989,2.0,0.0,0.0,2,0.0,Colisión entre vehículos,2,Otro,Apto,,Día,,Despejado,,Funciona,Transporte de pasajeros
519,148187,2022-08-24,17:20:00,Urbana,Calle,SAN MARTIN,,PARAGUAY,,,1.0,1.0,0.0,2,0.0,Colisión entre vehículos,2,Asfalto,Apto,"Despejada, Seca",Día,NO,Despejado,Buena,Sin Semáforo,Camioneta/Utilitario
520,148187,2022-08-24,17:20:00,Urbana,Calle,SAN MARTIN,,PARAGUAY,,,1.0,1.0,0.0,2,0.0,Colisión entre vehículos,2,Asfalto,Apto,"Despejada, Seca",Día,NO,Despejado,Buena,Sin Semáforo,Bicicleta
521,139249,2022-08-24,7:00:00,Urbana,Calle,GRAL PAZ,1200,PIO XII,,,2.0,0.0,0.0,2,0.0,Colisión entre vehículos,2,Asfalto,Apto,Seca,Día,NO,Nublado,Buena,Sin Semáforo,Automóvil
522,139249,2022-08-24,7:00:00,Urbana,Calle,GRAL PAZ,1200,PIO XII,,,2.0,0.0,0.0,2,0.0,Colisión entre vehículos,2,Asfalto,Apto,Seca,Día,NO,Nublado,Buena,Sin Semáforo,Motocicleta
523,139264,2022-08-23,13:30:00,Urbana,Avenida,AV MAIPU,1700,FRAGATA SARMIENTO,,,2.0,0.0,0.0,2,0.0,Colisión entre vehículos,2,Asfalto,Apto,Seca,Día,NO,Despejado,Buena,Sin Semáforo,Automóvil
524,139264,2022-08-23,13:30:00,Urbana,Avenida,AV MAIPU,1700,FRAGATA SARMIENTO,,,2.0,0.0,0.0,2,0.0,Colisión entre vehículos,2,Asfalto,Apto,Seca,Día,NO,Despejado,Buena,Sin Semáforo,Automóvil
525,132618,2022-08-23,20:55:00,Urbana,Calle,TUCUMAN,1043,,,,2.0,0.0,0.0,2,0.0,Colisión entre vehículos,2,Asfalto,Apto,,Noche,SI,Despejado,Buena,,Automóvil
526,132618,2022-08-23,20:55:00,Urbana,Calle,TUCUMAN,1043,,,,2.0,0.0,0.0,2,0.0,Colisión entre vehículos,2,Asfalto,Apto,,Noche,SI,Despejado,Buena,,Motocicleta
527,139941,2022-08-22,18:07:00,Urbana,Calle,CORDOBA,1400,MORENO,,,2.0,1.0,0.0,3,0.0,Colisión entre vehículos,3,Asfalto,Apto,Seca,Día,NO,Despejado,Buena,Sin Semáforo,Automóvil
528,139941,2022-08-22,18:07:00,Urbana,Calle,CORDOBA,1400,MORENO,,,2.0,1.0,0.0,3,0.0,Colisión entre vehículos,3,Asfalto,Apto,Seca,Día,NO,Despejado,Buena,Sin Semáforo,Automóvil
529,139941,2022-08-22,18:07:00,Urbana,Calle,CORDOBA,1400,MORENO,,,2.0,1.0,0.0,3,0.0,Colisión entre vehículos,3,Asfalto,Apto,Seca,Día,NO,Despejado,Buena,Sin Semáforo,Motocicleta
530,139943,2022-08-22,10:40:00,Urbana,Avenida,AV CENTENARIO,4100,PJE BIRAN,,,2.0,1.0,0.0,2,0.0,Colisión entre vehículos,2,Asfalto,Apto,Seca,Día,NO,Despejado,Buena,Sin Semáforo,Motocicleta