,id_feu,siniestro_fecha,siniestro_hora,zona_ocurrencia,via_publica,nombre_via,altura_km,entre_calle_1,latitud,longitud,ilesos,heridos,fallecidos,vehiculos,peatones,tipo_siniestro_unico,cantidad_de_involucrados,material_de_la_calzada,estado_de_la_calzada,estado_fisico_ambiental,luminosidad,luz_artificial,estado_ambiental,visibilidad,semaforo,tipo_involucrado
531,139943,2022-08-22,10:40:00,Urbana,Avenida,AV CENTENARIO,4100,PJE BIRAN,,,2.0,1.0,0.0,2,0.0,Colisión entre vehículos,2,Asfalto,Apto,Seca,Día,NO,Despejado,Buena,Sin Semáforo,Motocicleta
532,141872,2022-08-22,19:44:00,Urbana,Avenida,3 DE CABRIL,800,BS. AS.,,,2.0,0.0,0.0,2,0.0,Colisión entre vehículos,2,Asfalto,,Seca,Noche,SI,Despejado,Buena,Intermitente,Automóvil
533,141872,2022-08-22,19:44:00,Urbana,Avenida,3 DE CABRIL,800,BS. AS.,,,2.0,0.0,0.0,2,0.0,Colisión entre vehículos,2,Asfalto,,Seca,Noche,SI,Despejado,Buena,Intermitente,Automóvil
534,148146,2022-08-21,8:37:00,Urbana,Calle,GASCON,1500,,-2.748.084,-5.879.441,2.0,0.0,0.0,2,0.0,Colisión entre vehículos,2,Asfalto,Apto,Seca,Día,NO,Despejado,Buena,Sin Semáforo,Motocicleta
535,148146,2022-08-21,8:37:00,Urbana,Calle,GASCON,1500,,-2.748.084,-5.879.441,2.0,0.0,0.0,2,0.0,Colisión entre vehículos,2,Asfalto,Apto,Seca,Día,NO,Despejado,Buena,Sin Semáforo,Transporte de carga
536,159877,2022-08-21,8:50:00,Urbana,Avenida,AVDA. ARMENIA,4290,CRISTO OBRERO,-2.746.866,-5.879.799,1.0,1.0,0.0,2,0.0,Colisión entre vehículos,2,Asfalto,Apto,Seca,Día,NO,Despejado,Buena,,Automóvil
537,159877,2022-08-21,8:50:00,Urbana,Avenida,AVDA. ARMENIA,4290,CRISTO OBRERO,-2.746.866,-5.879.799,1.0,1.0,0.0,2,0.0,Colisión entre vehículos,2,Asfalto,Apto,Seca,Día,NO,Despejado,Buena,,Motocicleta
538,137054,2022-08-21,10:35:00,Urbana,Calle,PARAGUAY,1200,BELGRANO,,,2.0,0.0,0.0,2,0.0,Colisión entre vehículos,2,Asfalto,Apto,Seca,Día,NO,Despejado,Buena,,Automóvil
539,137054,2022-08-21,10:35:00,Urbana,Calle,PARAGUAY,1200,BELGRANO,,,2.0,0.0,0.0,2,0.0,Colisión entre vehículos,2,Asfalto,Apto,Seca,Día,NO,Despejado,Buena,,Automóvil
540,163594,2022-08-20,19:00:00,Urbana,Avenida,AVDA. CAZADORES CORRENTINOS,3190,C. SAAVEDRA,-2.748.715,-5.881.352,1.0,1.0,0.0,2,0.0,Colisión entre vehículos,2,Asfalto,Apto,Seca,Noche,NO,Despejado,Buena,,Automóvil
541,163594,2022-08-20,19:00:00,Urbana,Avenida,AVDA. CAZADORES CORRENTINOS,3190,C. SAAVEDRA,-2.748.715,-5.881.352,1.0,1.0,0.0,2,0.0,Colisión entre vehículos,2,Asfalto,Apto,Seca,Noche,NO,Despejado,Buena,,Motocicleta
542,169146,2022-08-20,8:00:00,Urbana,Calle,BENITO LYNCH,500,ANDRADE,-2.746.596,-5.879.750,1.0,1.0,0.0,2,0.0,Colisión entre vehículos,2,Tierra,Apto,,Día,NO,Despejado,Buena,Sin Semáforo,Automóvil
543,169146,2022-08-20,8:00:00,Urbana,Calle,BENITO LYNCH,500,ANDRADE,-2.746.596,-5.879.750,1.0,1.0,0.0,2,0.0,Colisión entre vehículos,2,Tierra,Apto,,Día,NO,Despejado,Buena,Sin Semáforo,Motocicleta
544,174258,2022-08-20,13:30:00,Urbana,Calle,RECONQUISTA,1500,PASAJE GUIDO,,,2.0,0.0,0.0,2,0.0,Colisión entre vehículos,2,Asfalto,Apto,Seca,Día,,Despejado,,Sin Semáforo,Motocicleta
545,174258,2022-08-20,13:30:00,Urbana,Calle,RECONQUISTA,1500,PASAJE GUIDO,,,2.0,0.0,0.0,2,0.0,Colisión entre vehículos,2,Asfalto,Apto,Seca,Día,,Despejado,,Sin Semáforo,Automóvil
546,165426,2022-08-20,6:50:00,Urbana,Avenida,AVENIDA PRESIDENTE AVELLANEDA,4500,GASCÓN,-2.748.799,-5.879.646,2.0,1.0,0.0,2,0.0,Colisión entre vehículos,2,Asfalto,Apto,Mojada,Día,NO,Nublado,Buena,Sin Semáforo,Automóvil
547,165426,2022-08-20,6:50:00,Urbana,Avenida,AVENIDA PRESIDENTE AVELLANEDA,4500,GASCÓN,-2.748.799,-5.879.646,2.0,1.0,0.0,2,0.0,Colisión entre vehículos,2,Asfalto,Apto,Mojada,Día,NO,Nublado,Buena,Sin Semáforo,Motocicleta
548,155597,2022-08-20,18:50:00,Urbana,Avenida,AV PAYSANDU,3091,SAN MARTIN,-2.750.013,-5.882.584,1.0,2.0,0.0,2,0.0,Colisión entre vehículos,2,Asfalto,,Seca,Día,SI,Despejado,Buena,,Automóvil
549,155597,2022-08-20,18:50:00,Urbana,Avenida,AV PAYSANDU,3091,SAN MARTIN,-2.750.013,-5.882.584,1.0,2.0,0.0,2,0.0,Colisión entre vehículos,2,Asfalto,,Seca,Día,SI,Despejado,Buena,,Motocicleta
550,169149,2022-08-19,13:30:00,Urbana,Calle,SIMÓN BOLÍVAR,2200,JULIO ARGENTINO ROCA,-2.747.227,-5.882.323,1.0,2.0,0.0,2,0.0,Colisión entre vehículos,2,Asfalto,Apto,Seca,Día,NO,Nublado,Buena,Sin Semáforo,Automóvil
551,169149,2022-08-19,13:30:00,Urbana,Calle,SIMÓN BOLÍVAR,2200,JULIO ARGENTINO ROCA,-2.747.227,-5.882.323,1.0,2.0,0.0,2,0.0,Colisión entre vehículos,2,Asfalto,Apto,Seca,Día,NO,Nublado,Buena,Sin Semáforo,Motocicleta
552,157726,2022-08-18,17:29:00,Urbana,Avenida,AV ARMENIA,3800,22 DE mayo,,,2.0,1.0,0.0,2,0.0,Colisión entre vehículos,2,Asfalto,Apto,"Despejada, Seca",Día,NO,Despejado,Buena,Sin Semáforo,Automóvil
553,157726,2022-08-18,17:29:00,Urbana,Avenida,AV ARMENIA,3800,22 DE mayo,,,2.0,1.0,0.0,2,0.0,Colisión entre vehículos,2,Asfalto,Apto,"Despejada, Seca",Día,NO,Despejado,Buena,Sin Semáforo,Automóvil
554,167704,2022-08-18,13:15:00,Urbana,Avenida,AVENIDA CHACABUCO,1400,SUIZA,-2.747.551,-5.881.374,3.0,0.0,0.0,2,0.0,Colisión entre vehículos,2,Hormigón,Apto,"Despejada, Seca",Día,NO,Despejado,Buena,Funciona,Automóvil
555,167704,2022-08-18,13:15:00,Urbana,Avenida,AVENIDA CHACABUCO,1400,SUIZA,-2.747.551,-5.881.374,3.0,0.0,0.0,2,0.0,Colisión entre vehículos,2,Hormigón,Apto,"Despejada, Seca",Día,NO,Despejado,Buena,Funciona,Automóvil
556,157811,2022-08-17,17:30:00,Urbana,Avenida,AVENIDA IBERÁ,,,-2.749.843,-5.883.415,1.0,1.0,0.0,2,0.0,Colisión entre vehículos,2,Hormigón,Apto,"Despejada, Seca",Día,NO,Despejado,Buena,Sin Semáforo,Automóvil
557,157811,2022-08-17,17:30:00,Urbana,Avenida,AVENIDA IBERÁ,,,-2.749.843,-5.883.415,1.0,1.0,0.0,2,0.0,Colisión entre vehículos,2,Hormigón,Apto,"Despejada, Seca",Día,NO,Despejado,Buena,Sin Semáforo,Motocicleta
558,173772,2022-08-16,17:50:00,Urbana,Calle,MENDOZA,500,25 DE mayo,,,1.0,0.0,0.0,2,0.0,Colisión entre vehículos,2,Asfalto,Apto,Seca,Día,,Despejado,,Sin Semáforo,Automóvil
559,173772,2022-08-16,17:50:00,Urbana,Calle,MENDOZA,500,25 DE mayo,,,1.0,0.0,0.0,2,0.0,Colisión entre vehículos,2,Asfalto,Apto,Seca,Día,,Despejado,,Sin Semáforo,Bicicleta
560,158361,2022-08-16,13:10:00,Urbana,Avenida,AVDA. FERRÉ,2400,GOB. GOITIA,,,2.0,0.0,0.0,2,0.0,Colisión entre vehículos,2,Asfalto,Apto,Seca,Día,NO,Despejado,Buena,,Automóvil
561,158361,2022-08-16,13:10:00,Urbana,Avenida,AVDA. FERRÉ,2400,GOB. GOITIA,,,2.0,0.0,0.0,2,0.0,Colisión entre vehículos,2,Asfalto,Apto,Seca,Día,NO,Despejado,Buena,,Motocicleta
562,165387,2022-08-15,10:44:00,Urbana,Avenida,AVENIDA ALTA GRACIA,1700,2 DE abril,-2.750.910,-5.882.224,1.0,1.0,0.0,2,0.0,Colisión entre vehículos,2,Asfalto,Apto,Seca,Día,NO,Despejado,Buena,,Motocicleta
563,165387,2022-08-15,10:44:00,Urbana,Avenida,AVENIDA ALTA GRACIA,1700,2 DE abril,-2.750.910,-5.882.224,1.0,1.0,0.0,2,0.0,Colisión entre vehículos,2,Asfalto,Apto,Seca,Día,NO,Despejado,Buena,,Camioneta/Utilitario
564,134822,2022-08-15,14:15:00,Urbana,Calle,GENERAL PAZ,,GUASTAVINO,,,4.0,0.0,0.0,2,0.0,Colisión entre vehículos,2,Asfalto,Apto,Seca,Día,NO,Despejado,Buena,,Automóvil
565,134822,2022-08-15,14:15:00,Urbana,Calle,GENERAL PAZ,,GUASTAVINO,,,4.0,0.0,0.0,2,0.0,Colisión entre vehículos,2,Asfalto,Apto,Seca,Día,NO,Despejado,Buena,,Motocicleta
566,165343,2022-08-14,15:20:00,Urbana,Avenida,LORETO,2200,AVENIDA MAIPÚ,-2.750.595,-5.881.114,1.0,1.0,0.0,2,0.0,Colisión entre vehículos,2,Asfalto,Apto,"Despejada, Seca",Día,NO,Despejado,Buena,Sin Semáforo,Automóvil
567,165343,2022-08-14,15:20:00,Urbana,Avenida,LORETO,2200,AVENIDA MAIPÚ,-2.750.595,-5.881.114,1.0,1.0,0.0,2,0.0,Colisión entre vehículos,2,Asfalto,Apto,"Despejada, Seca",Día,NO,Despejado,Buena,Sin Semáforo,Motocicleta
568,134039,2022-08-13,7:55:00,Urbana,Calle,ABITBOL,,PAYES,-2.754.305,-5.878.814,0.0,4.0,0.0,2,0.0,Colisión entre vehículos,2,Tierra,Apto,Seca,Día,NO,Despejado,Buena,Sin Semáforo,Motocicleta
569,134039,2022-08-13,7:55:00,Urbana,Calle,ABITBOL,,PAYES,-2.754.305,-5.878.814,0.0,4.0,0.0,2,0.0,Colisión entre vehículos,2,Tierra,Apto,Seca,Día,NO,Despejado,Buena,Sin Semáforo,Motocicleta
570,145134,2022-08-13,2:15:00,Urbana,Avenida,AV 3 DE ABRIL,1600,VARGAS GOMEZ,,,1.0,1.0,0.0,1,0.0,Caída desde vehículo,1,Asfalto,Apto,"Despejada, Seca",Noche,SI,Despejado,Buena,Funciona,Motocicleta
571,147086,2022-08-13,9:30:00,Urbana,,GUTEMBERG,,LAVALLE,,,2.0,0.0,0.0,2,0.0,Colisión entre vehículos,2,Asfalto,Apto,Seca,Día,NO,Despejado,Buena,Sin Semáforo,Automóvil
572,147086,2022-08-13,9:30:00,Urbana,,GUTEMBERG,,LAVALLE,,,2.0,0.0,0.0,2,0.0,Colisión entre vehículos,2,Asfalto,Apto,Seca,Día,NO,Despejado,Buena,Sin Semáforo,Camioneta/Utilitario
573,174827,2022-08-12,8:35:00,Urbana,Calle,MADARIAGA,2400,EX VÍA,-2.748.456,-5.882.338,1.0,1.0,0.0,2,0.0,Colisión entre vehículos,2,Asfalto,Apto,Seca,Día,,Despejado,,S/D,Automóvil
574,174827,2022-08-12,8:35:00,Urbana,Calle,MADARIAGA,2400,EX VÍA,-2.748.456,-5.882.338,1.0,1.0,0.0,2,0.0,Colisión entre vehículos,2,Asfalto,Apto,Seca,Día,,Despejado,,S/D,Motocicleta
575,148998,2022-08-12,6:30:00,Urbana,Calle,LAFERRERE,4800,ONTIVEROS,,,1.0,1.0,0.0,2,0.0,Colisión entre vehículos,2,Asfalto,Apto,Seca,Amanecer,SI,Despejado,Buena,Sin Semáforo,Motocicleta
576,148998,2022-08-12,6:30:00,Urbana,Calle,LAFERRERE,4800,ONTIVEROS,,,1.0,1.0,0.0,2,0.0,Colisión entre vehículos,2,Asfalto,Apto,Seca,Amanecer,SI,Despejado,Buena,Sin Semáforo,Transporte de pasajeros
577,169873,2022-08-12,6:50:00,Urbana,Calle,RIVADAVIA,1800,JUJUY,-2.747.515,-5.882.862,0.0,1.0,0.0,1,0.0,Caída desde vehículo,1,Asfalto,Apto,Mojada,Amanecer,NO,Lluvia,Buena,Sin Semáforo,Motocicleta
578,165345,2022-08-12,16:30:00,Urbana,Calle,CARIBE,3145,ATACAMA,-2.749.912,-5.881.620,1.0,0.0,0.0,1,0.0,Choque,1,Asfalto,Apto,Seca,Día,NO,Despejado,Buena,Sin Semáforo,Automóvil
579,167743,2022-08-11,6:46:00,Urbana,Calle,MEDRANO,1348,,-2.747.859,-5.879.782,1.0,1.0,0.0,2,0.0,Colisión entre vehículos,2,Asfalto,Apto,,Día,NO,Despejado,,Sin Semáforo,Motocicleta
580,167743,2022-08-11,6:46:00,Urbana,Calle,MEDRANO,1348,,-2.747.859,-5.879.782,1.0,1.0,0.0,2,0.0,Colisión entre vehículos,2,Asfalto,Apto,,Día,NO,Despejado,,Sin Semáforo,Motocicleta
581,145050,2022-08-11,20:00:00,Urbana,Avenida,AV ARMENIA,5000,J R FERNANDEZ,,,0.0,1.0,0.0,1,0.0,Caída desde vehículo,1,Asfalto,Apto,"Despejada, Seca",Noche,SI,Despejado,Buena,Funciona,Motocicleta
582,161487,2022-08-11,7:45:00,Urbana,Avenida,AVDA. COSTANERA GRAL SAN MARTÍN,200,DON BOSCO,-2.746.641,-5.884.931,0.0,1.0,0.0,1,0.0,Caída desde vehículo,1,Asfalto,Apto,Seca,Día,NO,Despejado,Buena,Sin Semáforo,Motocicleta
583,151187,2022-08-11,5:25:00,Urbana,Avenida,AV INDEPENDENCIA,4700,GASCON,,,2.0,0.0,0.0,2,0.0,Colisión entre vehículos,2,Asfalto,Apto,"Despejada, Seca",Noche,SI,Despejado,Buena,Sin Semáforo,Motocicleta
584,151187,2022-08-11,5:25:00,Urbana,Avenida,AV INDEPENDENCIA,4700,GASCON,,,2.0,0.0,0.0,2,0.0,Colisión entre vehículos,2,Asfalto,Apto,"Despejada, Seca",Noche,SI,Despejado,Buena,Sin Semáforo,Camioneta/Utilitario
585,134090,2022-08-11,10:20:00,Urbana,Avenida,AV INDEPENDENCIA,,MEDRANO,,,2.0,0.0,0.0,2,0.0,Colisión entre vehículos,2,Asfalto,Apto,Seca,Día,NO,Despejado,Buena,,Automóvil
586,134090,2022-08-11,10:20:00,Urbana,Avenida,AV INDEPENDENCIA,,MEDRANO,,,2.0,0.0,0.0,2,0.0,Colisión entre vehículos,2,Asfalto,Apto,Seca,Día,NO,Despejado,Buena,,Motocicleta
587,145047,2022-08-11,9:52:00,Urbana,Avenida,R.R.ALFONSIN,4600,DARRAGUEIRA,-2.747.578,-5.879.452,1.0,1.0,0.0,2,0.0,Colisión entre vehículos,2,Asfalto,Apto,Seca,Día,NO,Despejado,Buena,Sin Semáforo,Automóvil
588,145047,2022-08-11,9:52:00,Urbana,Avenida,R.R.ALFONSIN,4600,DARRAGUEIRA,-2.747.578,-5.879.452,1.0,1.0,0.0,2,0.0,Colisión entre vehículos,2,Asfalto,Apto,Seca,Día,NO,Despejado,Buena,Sin Semáforo,Motocicleta
589,159931,2022-08-09,17:35:00,Urbana,,AV. MEDRANO,,CARTAGENA,,,2.0,0.0,0.0,2,0.0,Colisión entre vehículos,2,Asfalto,Apto,Seca,Día,NO,Despejado,Buena,Funciona,Motocicleta
590,159931,2022-08-09,17:35:00,Urbana,,AV. MEDRANO,,CARTAGENA,,,2.0,0.0,0.0,2,0.0,Colisión entre vehículos,2,Asfalto,Apto,Seca,Día,NO,Despejado,Buena,Funciona,Automóvil
591,134805,2022-08-09,7:10:00,Urbana,Ruta Nacional,5,2,,,,1.0,1.0,0.0,2,0.0,Colisión entre vehículos,2,Hormigón,Apto,Seca,Día,NO,Despejado,Buena,Sin Semáforo,Motocicleta
592,134805,2022-08-09,7:10:00,Urbana,Ruta Nacional,5,2,,,,1.0,1.0,0.0,2,0.0,Colisión entre vehículos,2,Hormigón,Apto,Seca,Día,NO,Despejado,Buena,Sin Semáforo,Camioneta/Utilitario
593,151222,2022-08-09,20:40:00,,,PATAGONIA,,PAISANDU,,,2.0,0.0,1.0,2,0.0,Colisión entre vehículos,2,Asfalto,Apto,Seca,Noche,SI,Despejado,Buena,Sin Semáforo,Automóvil
594,151222,2022-08-09,20:40:00,,,PATAGONIA,,PAISANDU,,,2.0,0.0,1.0,2,0.0,Colisión entre vehículos,2,Asfalto,Apto,Seca,Noche,SI,Despejado,Buena,Sin Semáforo,Motocicleta
595,158364,2022-08-08,9:54:00,Urbana,Avenida,AVDA. TTE. IBAÑEZ,1400,CATAMARCA,-2.748.561,-5.883.522,1.0,1.0,0.0,2,0.0,Colisión entre vehículos,2,Asfalto,Apto,Seca,Día,NO,Despejado,Buena,,Automóvil
596,158364,2022-08-08,9:54:00,Urbana,Avenida,AVDA. TTE. IBAÑEZ,1400,CATAMARCA,-2.748.561,-5.883.522,1.0,1.0,0.0,2,0.0,Colisión entre vehículos,2,Asfalto,Apto,Seca,Día,NO,Despejado,Buena,,Motocicleta
597,166846,2022-08-07,13:30:00,Urbana,Calle,DARRAGUEIRA,1500,MORENO,-2.748.048,-5.879.645,1.0,2.0,0.0,2,0.0,Colisión entre vehículos,2,Tierra,Apto,Seca,Día,NO,Despejado,Buena,Sin Semáforo,Automóvil
598,166846,2022-08-07,13:30:00,Urbana,Calle,DARRAGUEIRA,1500,MORENO,-2.748.048,-5.879.645,1.0,2.0,0.0,2,0.0,Colisión entre vehículos,2,Tierra,Apto,Seca,Día,NO,Despejado,Buena,Sin Semáforo,Motocicleta
599,134821,2022-08-07,16:40:00,Urbana,Calle,IRIGOYEN,,ROCA,,,1.0,1.0,0.0,1,0.0,Caída desde vehículo,1,Asfalto,Apto,,Día,NO,Despejado,Buena,,Motocicleta
600,152092,2022-08-06,11:10:00,Urbana,,H.IRIGOYEN,,RIOJA,,,1.0,1.0,0.0,2,0.0,Colisión entre vehículos,2,Asfalto,Apto,Seca,Día,NO,Despejado,Buena,,Automóvil
601,152092,2022-08-06,11:10:00,Urbana,,H.IRIGOYEN,,RIOJA,,,1.0,1.0,0.0,2,0.0,Colisión entre vehículos,2,Asfalto,Apto,Seca,Día,NO,Despejado,Buena,,Motocicleta
602,162784,2022-08-06,8:00:00,Urbana,Avenida,AVDA. PONCHO VERDE,2100,,-2.746.678,-5.882.259,2.0,1.0,0.0,2,0.0,Colisión entre vehículos,2,Asfalto,Apto,Despejada,Día,NO,Despejado,Buena,Sin Semáforo,Automóvil
603,162784,2022-08-06,8:00:00,Urbana,Avenida,AVDA. PONCHO VERDE,2100,,-2.746.678,-5.882.259,2.0,1.0,0.0,2,0.0,Colisión entre vehículos,2,Asfalto,Apto,Despejada,Día,NO,Despejado,Buena,Sin Semáforo,Motocicleta
604,169838,2022-08-06,12:35:00,Urbana,Avenida,AV. ARTIGAS,1400,RIVADAVIA,-2.747.607,-5.881.963,2.0,0.0,0.0,2,0.0,Colisión entre vehículos,2,Asfalto,Apto,Seca,Día,NO,Despejado,Buena,Sin Semáforo,Automóvil
605,169838,2022-08-06,12:35:00,Urbana,Avenida,AV. ARTIGAS,1400,RIVADAVIA,-2.747.607,-5.881.963,2.0,0.0,0.0,2,0.0,Colisión entre vehículos,2,Asfalto,Apto,Seca,Día,NO,Despejado,Buena,Sin Semáforo,Camioneta/Utilitario
606,139737,2022-08-06,6:50:00,Urbana,Avenida,AV LIBERTAD,5800,LAS VIOLETAS,-2.746.281,-5.877.484,1.0,0.0,0.0,1,0.0,Colisión entre vehículos,1,Asfalto,Apto,Seca,Día,NO,Despejado,Buena,Sin Semáforo,Camioneta/Utilitario
607,175493,2022-08-05,23:40:00,Urbana,Avenida,AV EL MAESTRO,1800,COSQUIN Y RAFAELA,,,0.0,1.0,0.0,1,0.0,Atropello a animal/es,1,Asfalto,Apto,Seca,Noche,SI,Despejado,,Sin Semáforo,Motocicleta
608,157802,2022-08-04,7:20:00,,Avenida,AV MAIPU,,NUESTRA SEÑORA DE LA ASUNCIÓN,-2.749.125,-5.881.990,3.0,2.0,0.0,4,0.0,Colisión entre vehículos,4,Asfalto,Apto,"Despejada, Seca",Amanecer,SI,Despejado,Buena,,Automóvil
609,157802,2022-08-04,7:20:00,,Avenida,AV MAIPU,,NUESTRA SEÑORA DE LA ASUNCIÓN,-2.749.125,-5.881.990,3.0,2.0,0.0,4,0.0,Colisión entre vehículos,4,Asfalto,Apto,"Despejada, Seca",Amanecer,SI,Despejado,Buena,,Automóvil
610,157802,2022-08-04,7:20:00,,Avenida,AV MAIPU,,NUESTRA SEÑORA DE LA ASUNCIÓN,-2.749.125,-5.881.990,3.0,2.0,0.0,4,0.0,Colisión entre vehículos,4,Asfalto,Apto,"Despejada, Seca",Amanecer,SI,Despejado,Buena,,Automóvil
611,157802,2022-08-04,7:20:00,,Avenida,AV MAIPU,,NUESTRA SEÑORA DE LA ASUNCIÓN,-2.749.125,-5.881.990,3.0,2.0,0.0,4,0.0,Colisión entre vehículos,4,Asfalto,Apto,"Despejada, Seca",Amanecer,SI,Despejado,Buena,,Motocicleta
612,163573,2022-08-02,14:06:00,Urbana,Calle,RECONQUISTA,3100,LAS HERAS,-2.748.324,-5.881.413,1.0,1.0,0.0,2,0.0,Colisión entre vehículos,2,Ripio,Apto,Seca,Día,SI,Despejado,Buena,Sin Semáforo,Automóvil
613,163573,2022-08-02,14:06:00,Urbana,Calle,RECONQUISTA,3100,LAS HERAS,-2.748.324,-5.881.413,1.0,1.0,0.0,2,0.0,Colisión entre vehículos,2,Ripio,Apto,Seca,Día,SI,Despejado,Buena,Sin Semáforo,Motocicleta
614,169148,2022-08-01,9:36:00,Urbana,Avenida,AVENIDA TENIENTE IBAÑEZ,3000,LISANDRO SEGOVIA,-2.748.551,-5.883.644,1.0,1.0,0.0,2,0.0,Colisión entre vehículos,2,Asfalto,Apto,,Día,NO,Despejado,Buena,Sin Semáforo,Automóvil
615,169148,2022-08-01,9:36:00,Urbana,Avenida,AVENIDA TENIENTE IBAÑEZ,3000,LISANDRO SEGOVIA,-2.748.551,-5.883.644,1.0,1.0,0.0,2,0.0,Colisión entre vehículos,2,Asfalto,Apto,,Día,NO,Despejado,Buena,Sin Semáforo,Motocicleta
616,139251,2022-07-31,10:00:00,Urbana,Calle,PAMPIN,384,,,,1.0,0.0,0.0,1,0.0,Choque,1,Asfalto,Apto,Seca,Día,NO,Despejado,Buena,Sin Semáforo,Automóvil
617,171750,2022-07-31,6:00:00,Urbana,Calle,SUIZA,3200,CORNELIO SAAVEDRA,-2.747.595,-5.881.165,1.0,1.0,0.0,2,0.0,Colisión entre vehículos,2,Asfalto,Apto,"Despejada, Seca",Amanecer,NO,Despejado,Buena,Sin Semáforo,Automóvil
618,171750,2022-07-31,6:00:00,Urbana,Calle,SUIZA,3200,CORNELIO SAAVEDRA,-2.747.595,-5.881.165,1.0,1.0,0.0,2,0.0,Colisión entre vehículos,2,Asfalto,Apto,"Despejada, Seca",Amanecer,NO,Despejado,Buena,Sin Semáforo,Motocicleta
619,163590,2022-07-31,16:40:00,Urbana,Calle,GOGOY CRUZ,1310,,,,1.0,1.0,0.0,1,0.0,Caída desde vehículo,1,Asfalto,Apto,Seca,Día,NO,Despejado,Buena,Sin Semáforo,Motocicleta
620,169845,2022-07-30,4:00:00,Urbana,Avenida,AVENIDA RAÚL ALFONSÍN,4080,LOS TILOS,-2.747.389,-5.880.136,1.0,1.0,1.0,1,0.0,Despiste,1,Hormigón,Apto,Seca,Noche,SI,Despejado,Buena,Sin Semáforo,Automóvil
621,142762,2022-07-30,6:20:00,Urbana,Avenida,AV MAIPU,3100,TILCARA,,,1.0,2.0,0.0,2,0.0,Colisión entre vehículos,2,Asfalto,Apto,"Despejada, Seca",,SI,Nublado,Buena,Funciona,Automóvil
622,142762,2022-07-30,6:20:00,Urbana,Avenida,AV MAIPU,3100,TILCARA,,,1.0,2.0,0.0,2,0.0,Colisión entre vehículos,2,Asfalto,Apto,"Despejada, Seca",,SI,Nublado,Buena,Funciona,Otro
623,162768,2022-07-30,6:20:00,Urbana,Calle,SALTA,500,25 DE mayo,-2.746.372,-5.883.880,0.0,2.0,0.0,2,0.0,Colisión entre vehículos,2,Asfalto,Apto,"Despejada, Seca",Amanecer,SI,Despejado,Buena,Sin Semáforo,Motocicleta
624,162768,2022-07-30,6:20:00,Urbana,Calle,SALTA,500,25 DE mayo,-2.746.372,-5.883.880,0.0,2.0,0.0,2,0.0,Colisión entre vehículos,2,Asfalto,Apto,"Despejada, Seca",Amanecer,SI,Despejado,Buena,Sin Semáforo,Motocicleta
625,134051,2022-07-30,9:10:00,Urbana,Avenida,AV. INDEPENDENCIA,3100,,,,2.0,0.0,0.0,2,0.0,Colisión entre vehículos,2,Asfalto,Apto,Seca,Día,NO,Despejado,Buena,,Automóvil
626,134051,2022-07-30,9:10:00,Urbana,Avenida,AV. INDEPENDENCIA,3100,,,,2.0,0.0,0.0,2,0.0,Colisión entre vehículos,2,Asfalto,Apto,Seca,Día,NO,Despejado,Buena,,Camioneta/Utilitario
627,175479,2022-07-30,6:50:00,Urbana,Avenida,AVENIDA FERRÉ,1600,AVENIDA SANTA ROSA,-2.747.785,-5.881.979,1.0,1.0,0.0,1,1.0,Atropello a peatón/es,2,Asfalto,Apto,Seca,Día,,Despejado,,Funciona,Automóvil
628,175479,2022-07-30,6:50:00,Urbana,Avenida,AVENIDA FERRÉ,1600,AVENIDA SANTA ROSA,-2.747.785,-5.881.979,1.0,1.0,0.0,1,1.0,Atropello a peatón/es,2,Asfalto,Apto,Seca,Día,,Despejado,,Funciona,Peatón
629,139222,2022-07-29,7:55:00,Urbana,Calle,MADARIAGA,2175,PIO XII,-2.748.473,-5.882.021,1.0,1.0,0.0,2,0.0,Colisión entre vehículos,2,Hormigón,Apto,Seca,Día,NO,Despejado,Buena,Sin Semáforo,Automóvil
630,139222,2022-07-29,7:55:00,Urbana,Calle,MADARIAGA,2175,PIO XII,-2.748.473,-5.882.021,1.0,1.0,0.0,2,0.0,Colisión entre vehículos,2,Hormigón,Apto,Seca,Día,NO,Despejado,Buena,Sin Semáforo,Motocicleta
631,142718,2022-07-29,7:00:00,Urbana,Calle,SALTA,700,PELLEGRINI,,,1.0,1.0,0.0,2,0.0,Colisión entre vehículos,2,Asfalto,Apto,Mojada,Día,NO,Lluvia,Lluvia,Sin Semáforo,Camioneta/Utilitario
632,142718,2022-07-29,7:00:00,Urbana,Calle,SALTA,700,PELLEGRINI,,,1.0,1.0,0.0,2,0.0,Colisión entre vehículos,2,Asfalto,Apto,Mojada,Día,NO,Lluvia,Lluvia,Sin Semáforo,Motocicleta
633,158365,2022-07-29,10:15:00,Urbana,Avenida,AVDA. PUJOL,2100,,-2.746.598,-5.882.320,1.0,1.0,0.0,2,0.0,Colisión entre vehículos,2,Asfalto,Apto,Seca,Día,NO,Despejado,Buena,,Automóvil
634,158365,2022-07-29,10:15:00,Urbana,Avenida,AVDA. PUJOL,2100,,-2.746.598,-5.882.320,1.0,1.0,0.0,2,0.0,Colisión entre vehículos,2,Asfalto,Apto,Seca,Día,NO,Despejado,Buena,,Motocicleta