,id_feu,siniestro_fecha,siniestro_hora,zona_ocurrencia,via_publica,nombre_via,altura_km,entre_calle_1,latitud,longitud,ilesos,heridos,fallecidos,vehiculos,peatones,tipo_siniestro_unico,cantidad_de_involucrados,material_de_la_calzada,estado_de_la_calzada,estado_fisico_ambiental,luminosidad,luz_artificial,estado_ambiental,visibilidad,semaforo,tipo_involucrado
635,157820,2022-07-28,12:25:00,Urbana,Calle,SAN MARTIN,2800,EE UU,-2.747.203,-5.881.432,1.0,1.0,0.0,2,0.0,Colisión entre vehículos,2,Asfalto,Apto,"Despejada, Seca",Día,NO,Despejado,Buena,Sin Semáforo,Automóvil
636,157820,2022-07-28,12:25:00,Urbana,Calle,SAN MARTIN,2800,EE UU,-2.747.203,-5.881.432,1.0,1.0,0.0,2,0.0,Colisión entre vehículos,2,Asfalto,Apto,"Despejada, Seca",Día,NO,Despejado,Buena,Sin Semáforo,Bicicleta
637,137577,2022-07-28,19:30:00,Urbana,Avenida,AV CAZADORES CORRENTINOS,,FRANCIA,,,0.0,1.0,0.0,1,0.0,Caída desde vehículo,1,Asfalto,Apto,Seca,Día,NO,Despejado,Buena,Sin Semáforo,Motocicleta
638,142756,2022-07-28,13:50:00,Urbana,Calle,J M ROLON,1899,PARAGUAY,,,1.0,1.0,0.0,2,0.0,Colisión entre vehículos,2,Asfalto,Apto,"Despejada, Seca",Día,NO,Despejado,Buena,Sin Semáforo,Automóvil
639,142756,2022-07-28,13:50:00,Urbana,Calle,J M ROLON,1899,PARAGUAY,,,1.0,1.0,0.0,2,0.0,Colisión entre vehículos,2,Asfalto,Apto,"Despejada, Seca",Día,NO,Despejado,Buena,Sin Semáforo,Motocicleta
640,161488,2022-07-28,23:50:00,Urbana,Avenida,AVDA. PEDRO FERRÉ,1900,PARAGUAY,-2.747.668,-5.882.746,2.0,0.0,0.0,2,0.0,Colisión entre vehículos,2,Asfalto,Apto,Seca,Noche,SI,Despejado,Buena,,Automóvil
641,161488,2022-07-28,23:50:00,Urbana,Avenida,AVDA. PEDRO FERRÉ,1900,PARAGUAY,-2.747.668,-5.882.746,2.0,0.0,0.0,2,0.0,Colisión entre vehículos,2,Asfalto,Apto,Seca,Noche,SI,Despejado,Buena,,Automóvil
642,134846,2022-07-27,19:20:00,Urbana,Calle,LOS TILOS,715,YATAY,,,2.0,0.0,0.0,2,0.0,Colisión entre vehículos,2,Asfalto,Apto,Seca,Día,NO,Despejado,Buena,Sin Semáforo,Camioneta/Utilitario
643,134846,2022-07-27,19:20:00,Urbana,Calle,LOS TILOS,715,YATAY,,,2.0,0.0,0.0,2,0.0,Colisión entre vehículos,2,Asfalto,Apto,Seca,Día,NO,Despejado,Buena,Sin Semáforo,Transporte de carga
644,165423,2022-07-26,6:10:00,Urbana,Calle,GÜEMES,1312,,-2.747.598,-5.880.700,2.0,0.0,0.0,2,0.0,Colisión entre vehículos,2,Asfalto,Apto,"Despejada, Seca",Día,NO,Despejado,Buena,Sin Semáforo,Automóvil
645,165423,2022-07-26,6:10:00,Urbana,Calle,GÜEMES,1312,,-2.747.598,-5.880.700,2.0,0.0,0.0,2,0.0,Colisión entre vehículos,2,Asfalto,Apto,"Despejada, Seca",Día,NO,Despejado,Buena,Sin Semáforo,Automóvil
646,139232,2022-07-26,8:55:00,Urbana,Avenida,MEDRANO,,,,,1.0,1.0,0.0,2,0.0,Colisión entre vehículos,2,Asfalto,Apto,Seca,Día,NO,Despejado,Buena,Sin Semáforo,Motocicleta
647,139232,2022-07-26,8:55:00,Urbana,Avenida,MEDRANO,,,,,1.0,1.0,0.0,2,0.0,Colisión entre vehículos,2,Asfalto,Apto,Seca,Día,NO,Despejado,Buena,Sin Semáforo,Motocicleta
648,143761,2022-07-24,13:07:00,Urbana,Calle,ESTADO DE ISRAEL,1100,RECONQUISTA,,,2.0,0.0,0.0,2,0.0,Colisión entre vehículos,2,Asfalto,Apto,Seca,Día,NO,Despejado,Buena,Sin Semáforo,Automóvil
649,143761,2022-07-24,13:07:00,Urbana,Calle,ESTADO DE ISRAEL,1100,RECONQUISTA,,,2.0,0.0,0.0,2,0.0,Colisión entre vehículos,2,Asfalto,Apto,Seca,Día,NO,Despejado,Buena,Sin Semáforo,Automóvil
650,148209,2022-07-24,9:18:00,Urbana,,GOBERNADOR RUIZ,2325,,,,1.0,1.0,0.0,2,0.0,Colisión entre vehículos,2,Asfalto,Apto,Despejada,Día,NO,Nublado,Buena,Sin Semáforo,Motocicleta
651,148209,2022-07-24,9:18:00,Urbana,,GOBERNADOR RUIZ,2325,,,,1.0,1.0,0.0,2,0.0,Colisión entre vehículos,2,Asfalto,Apto,Despejada,Día,NO,Nublado,Buena,Sin Semáforo,Camioneta/Utilitario
652,163596,2022-07-23,23:05:00,Urbana,Calle,ESPAÑA,648,CARLOS PELLEGRINI,-2.746.543,-5.882.891,1.0,1.0,0.0,2,0.0,Colisión entre vehículos,2,Asfalto,Apto,Seca,Noche,SI,,Buena,Sin Semáforo,Automóvil
653,163596,2022-07-23,23:05:00,Urbana,Calle,ESPAÑA,648,CARLOS PELLEGRINI,-2.746.543,-5.882.891,1.0,1.0,0.0,2,0.0,Colisión entre vehículos,2,Asfalto,Apto,Seca,Noche,SI,,Buena,Sin Semáforo,Motocicleta
654,151189,2022-07-23,15:15:00,Urbana,Avenida,AV ARMENIA,3300,24 DE agosto,,,1.0,1.0,0.0,2,0.0,Colisión entre vehículos,2,Asfalto,Apto,"Despejada, Seca",Día,NO,Despejado,Buena,Funciona,Automóvil
655,151189,2022-07-23,15:15:00,Urbana,Avenida,AV ARMENIA,3300,24 DE agosto,,,1.0,1.0,0.0,2,0.0,Colisión entre vehículos,2,Asfalto,Apto,"Despejada, Seca",Día,NO,Despejado,Buena,Funciona,Motocicleta
656,165420,2022-07-23,12:26:00,Urbana,Calle,TUCUMÁN,644,,-2.746.425,-5.884.144,2.0,0.0,0.0,2,0.0,Colisión entre vehículos,2,Asfalto,Apto,Despejada,Día,NO,Lluvia,Lluvia,Sin Semáforo,Automóvil
657,165420,2022-07-23,12:26:00,Urbana,Calle,TUCUMÁN,644,,-2.746.425,-5.884.144,2.0,0.0,0.0,2,0.0,Colisión entre vehículos,2,Asfalto,Apto,Despejada,Día,NO,Lluvia,Lluvia,Sin Semáforo,Transporte de carga
658,152106,2022-07-23,18:22:00,Urbana,,ROTONDA SANTA CATALINA,,MAIPU,,,2.0,0.0,0.0,2,0.0,Colisión entre vehículos,2,Asfalto,Apto,Seca,Atardecer,SI,Despejado,Buena,Sin Semáforo,Automóvil
659,152106,2022-07-23,18:22:00,Urbana,,ROTONDA SANTA CATALINA,,MAIPU,,,2.0,0.0,0.0,2,0.0,Colisión entre vehículos,2,Asfalto,Apto,Seca,Atardecer,SI,Despejado,Buena,Sin Semáforo,Motocicleta
660,139945,2022-07-22,9:50:00,Urbana,Calle,LA RIOJA,700,,,,2.0,0.0,0.0,2,0.0,Colisión entre vehículos,2,Asfalto,Apto,Seca,Día,NO,Despejado,Buena,Funciona,Automóvil
661,139945,2022-07-22,9:50:00,Urbana,Calle,LA RIOJA,700,,,,2.0,0.0,0.0,2,0.0,Colisión entre vehículos,2,Asfalto,Apto,Seca,Día,NO,Despejado,Buena,Funciona,Automóvil
662,133406,2022-07-20,7:30:00,Urbana,Calle,9 DE julio,1200,,,,2.0,1.0,0.0,2,0.0,Colisión entre vehículos,2,Asfalto,Apto,Seca,Día,NO,Despejado,Buena,,Automóvil
663,133406,2022-07-20,7:30:00,Urbana,Calle,9 DE julio,1200,,,,2.0,1.0,0.0,2,0.0,Colisión entre vehículos,2,Asfalto,Apto,Seca,Día,NO,Despejado,Buena,,Motocicleta
664,153795,2022-07-19,16:11:00,Urbana,Calle,RIVADAVIA,2000,BRASIL,,,1.0,1.0,0.0,2,0.0,Colisión entre vehículos,2,Asfalto,Apto,"Despejada, Seca",Día,NO,Despejado,Buena,Sin Semáforo,Automóvil
665,153795,2022-07-19,16:11:00,Urbana,Calle,RIVADAVIA,2000,BRASIL,,,1.0,1.0,0.0,2,0.0,Colisión entre vehículos,2,Asfalto,Apto,"Despejada, Seca",Día,NO,Despejado,Buena,Sin Semáforo,Motocicleta
666,175495,2022-07-18,6:20:00,Urbana,Calle,MEXICO,1800,JUNIN,,,1.0,1.0,0.0,2,0.0,Colisión entre vehículos,2,Asfalto,Apto,Seca,Día,,Despejado,,S/D,Automóvil
667,175495,2022-07-18,6:20:00,Urbana,Calle,MEXICO,1800,JUNIN,,,1.0,1.0,0.0,2,0.0,Colisión entre vehículos,2,Asfalto,Apto,Seca,Día,,Despejado,,S/D,Motocicleta
668,151205,2022-07-18,18:40:00,Urbana,Calle,QUINQUELA MARTIN,979,,-2.747.577,-5.879.365,1.0,2.0,0.0,1,0.0,Colisión entre vehículos,1,Asfalto,Apto,Seca,Atardecer,SI,Despejado,Buena,Sin Semáforo,Motocicleta
669,160640,2022-07-17,22:45:00,Urbana,Calle,USHUAIA,1700,,,,1.0,1.0,0.0,2,0.0,Colisión entre vehículos,2,Asfalto,Apto,Seca,Noche,SI,Despejado,Buena,Sin Semáforo,Motocicleta
670,160640,2022-07-17,22:45:00,Urbana,Calle,USHUAIA,1700,,,,1.0,1.0,0.0,2,0.0,Colisión entre vehículos,2,Asfalto,Apto,Seca,Noche,SI,Despejado,Buena,Sin Semáforo,Motocicleta
671,139224,2022-07-17,8:30:00,Urbana,Calle,BRASIL,2201,IRIGOYEN,-2.746.982,-5.882.418,2.0,0.0,0.0,2,0.0,Colisión entre vehículos,2,Asfalto,Apto,Seca,Día,NO,Despejado,Buena,Sin Semáforo,Automóvil
672,139224,2022-07-17,8:30:00,Urbana,Calle,BRASIL,2201,IRIGOYEN,-2.746.982,-5.882.418,2.0,0.0,0.0,2,0.0,Colisión entre vehículos,2,Asfalto,Apto,Seca,Día,NO,Despejado,Buena,Sin Semáforo,Motocicleta
673,139738,2022-07-16,10:50:00,Urbana,Avenida,AV PAYSANDU,3500,IBERA,-2.749.944,-5.882.569,2.0,2.0,0.0,2,0.0,Colisión entre vehículos,2,Asfalto,Apto,Despejada,Día,NO,Despejado,Buena,Funciona,Motocicleta
674,139738,2022-07-16,10:50:00,Urbana,Avenida,AV PAYSANDU,3500,IBERA,-2.749.944,-5.882.569,2.0,2.0,0.0,2,0.0,Colisión entre vehículos,2,Asfalto,Apto,Despejada,Día,NO,Despejado,Buena,Funciona,Motocicleta
675,142691,2022-07-16,0:15:00,Urbana,Avenida,AV TENIENTE IBAÑEZ,1700,AV MAIPU,,,1.0,1.0,0.0,2,0.0,Colisión entre vehículos,2,Asfalto,Apto,Seca,Noche,SI,Despejado,Buena,Funciona,Automóvil
676,142691,2022-07-16,0:15:00,Urbana,Avenida,AV TENIENTE IBAÑEZ,1700,AV MAIPU,,,1.0,1.0,0.0,2,0.0,Colisión entre vehículos,2,Asfalto,Apto,Seca,Noche,SI,Despejado,Buena,Funciona,Motocicleta
677,146712,2022-07-16,6:55:00,Urbana,,LAGRAÑA,,ROLON,,,2.0,0.0,0.0,2,0.0,Colisión entre vehículos,2,Asfalto,Apto,"Despejada, Seca",Atardecer,NO,Despejado,Buena,Sin Semáforo,Automóvil
678,146712,2022-07-16,6:55:00,Urbana,,LAGRAÑA,,ROLON,,,2.0,0.0,0.0,2,0.0,Colisión entre vehículos,2,Asfalto,Apto,"Despejada, Seca",Atardecer,NO,Despejado,Buena,Sin Semáforo,Motocicleta
679,158356,2022-07-15,12:50:00,Urbana,Avenida,PLÁCIDO MARTÍNEZ,700,,-2.746.157,-5.884.055,3.0,0.0,0.0,2,0.0,Colisión entre vehículos,2,Asfalto,Apto,Seca,Día,SI,Despejado,Buena,,Automóvil
680,158356,2022-07-15,12:50:00,Urbana,Avenida,PLÁCIDO MARTÍNEZ,700,,-2.746.157,-5.884.055,3.0,0.0,0.0,2,0.0,Colisión entre vehículos,2,Asfalto,Apto,Seca,Día,SI,Despejado,Buena,,Automóvil
681,137576,2022-07-14,19:13:00,Urbana,Avenida,AV. CAZADORES CORRENTINOS,3100,RECONQUISTA,,,1.0,1.0,0.0,2,0.0,Colisión entre vehículos,2,Asfalto,Apto,Seca,Día,NO,Despejado,Buena,,Motocicleta
682,137576,2022-07-14,19:13:00,Urbana,Avenida,AV. CAZADORES CORRENTINOS,3100,RECONQUISTA,,,1.0,1.0,0.0,2,0.0,Colisión entre vehículos,2,Asfalto,Apto,Seca,Día,NO,Despejado,Buena,,Motocicleta
683,152977,2022-07-13,20:50:00,Urbana,Avenida,AV. CHACABUCO,,GENERAL PAZ,,,1.0,1.0,0.0,2,0.0,Colisión entre vehículos,2,Asfalto,Apto,Seca,Noche,SI,Despejado,Buena,Sin Semáforo,Motocicleta
684,152977,2022-07-13,20:50:00,Urbana,Avenida,AV. CHACABUCO,,GENERAL PAZ,,,1.0,1.0,0.0,2,0.0,Colisión entre vehículos,2,Asfalto,Apto,Seca,Noche,SI,Despejado,Buena,Sin Semáforo,Automóvil
685,159882,2022-07-13,16:20:00,Urbana,Calle,PERÚ,1300,BELGRANO,-2.747.348,-5.882.200,2.0,0.0,0.0,2,0.0,Colisión entre vehículos,2,Asfalto,Apto,Seca,Día,NO,Despejado,Buena,Sin Semáforo,Automóvil
686,159882,2022-07-13,16:20:00,Urbana,Calle,PERÚ,1300,BELGRANO,-2.747.348,-5.882.200,2.0,0.0,0.0,2,0.0,Colisión entre vehículos,2,Asfalto,Apto,Seca,Día,NO,Despejado,Buena,Sin Semáforo,Motocicleta
687,175478,2022-07-12,11:30:00,Urbana,Avenida,AVENIDA MAIPÚ,1000,,-2.748.697,-5.882.277,1.0,2.0,0.0,2,0.0,Colisión entre vehículos,2,Asfalto,Apto,Seca,Día,,Despejado,,Sin Semáforo,Automóvil
688,175478,2022-07-12,11:30:00,Urbana,Avenida,AVENIDA MAIPÚ,1000,,-2.748.697,-5.882.277,1.0,2.0,0.0,2,0.0,Colisión entre vehículos,2,Asfalto,Apto,Seca,Día,,Despejado,,Sin Semáforo,Motocicleta
689,139736,2022-07-12,13:10:00,Urbana,Avenida,AV MAIPU,2200,,-2.748.833,-5.882.183,1.0,1.0,0.0,2,0.0,Colisión entre vehículos,2,Asfalto,Apto,Seca,Día,NO,Despejado,Buena,Sin Semáforo,Automóvil
690,139736,2022-07-12,13:10:00,Urbana,Avenida,AV MAIPU,2200,,-2.748.833,-5.882.183,1.0,1.0,0.0,2,0.0,Colisión entre vehículos,2,Asfalto,Apto,Seca,Día,NO,Despejado,Buena,Sin Semáforo,Camioneta/Utilitario
691,161543,2022-07-12,9:02:00,Urbana,Avenida,Av. Chacabuco,3000,ARNMENIA,,,0.0,1.0,0.0,1,0.0,Despiste,1,Asfalto,Apto,Despejada,,NO,Despejado,Buena,Sin Semáforo,Motocicleta
692,175477,2022-07-11,18:50:00,Urbana,Avenida,AVENIDA POMAR,1000,AVENIDA RAÚL ALFONSÍN,-2.747.270,-5.880.627,2.0,0.0,0.0,2,0.0,Colisión entre vehículos,2,Asfalto,Apto,Seca,Día,,Despejado,,Funciona,Automóvil
693,175477,2022-07-11,18:50:00,Urbana,Avenida,AVENIDA POMAR,1000,AVENIDA RAÚL ALFONSÍN,-2.747.270,-5.880.627,2.0,0.0,0.0,2,0.0,Colisión entre vehículos,2,Asfalto,Apto,Seca,Día,,Despejado,,Funciona,Automóvil
694,137589,2022-07-11,14:09:00,Urbana,Calle,ROCA,,SAN MARTIN,,,1.0,1.0,0.0,2,0.0,Colisión entre vehículos,2,Asfalto,Apto,Seca,Día,NO,Despejado,Buena,Sin Semáforo,Motocicleta
695,137589,2022-07-11,14:09:00,Urbana,Calle,ROCA,,SAN MARTIN,,,1.0,1.0,0.0,2,0.0,Colisión entre vehículos,2,Asfalto,Apto,Seca,Día,NO,Despejado,Buena,Sin Semáforo,Automóvil
696,139239,2022-07-11,19:09:00,Urbana,Avenida,AV. TTE IBAÑEZ,900,,,,2.0,0.0,0.0,2,0.0,Colisión entre vehículos,2,Asfalto,Apto,Seca,Día,NO,Despejado,Buena,Sin Semáforo,Automóvil
697,139239,2022-07-11,19:09:00,Urbana,Avenida,AV. TTE IBAÑEZ,900,,,,2.0,0.0,0.0,2,0.0,Colisión entre vehículos,2,Asfalto,Apto,Seca,Día,NO,Despejado,Buena,Sin Semáforo,Motocicleta
698,134797,2022-07-11,11:10:00,Urbana,Avenida,AV FERRE,2200,PERU,,,2.0,0.0,0.0,2,0.0,Colisión entre vehículos,2,Hormigón,Apto,Seca,Día,NO,Despejado,Buena,Sin Semáforo,Automóvil
699,134797,2022-07-11,11:10:00,Urbana,Avenida,AV FERRE,2200,PERU,,,2.0,0.0,0.0,2,0.0,Colisión entre vehículos,2,Hormigón,Apto,Seca,Día,NO,Despejado,Buena,Sin Semáforo,Camioneta/Utilitario
700,134864,2022-07-10,12:50:00,Urbana,Avenida,AV. CHACABUCO,3000,LAS HERAS,,,0.0,3.0,0.0,2,0.0,Colisión entre vehículos,2,Ripio,Apto,Seca,Día,NO,Despejado,Buena,Funciona,Motocicleta
701,134864,2022-07-10,12:50:00,Urbana,Avenida,AV. CHACABUCO,3000,LAS HERAS,,,0.0,3.0,0.0,2,0.0,Colisión entre vehículos,2,Ripio,Apto,Seca,Día,NO,Despejado,Buena,Funciona,Motocicleta
702,136368,2022-07-10,15:05:00,Urbana,Calle,DON BOSCO,,SAN MARTIN,,,1.0,0.0,0.0,1,0.0,Choque,1,Hormigón,Apto,Seca,Día,NO,Despejado,Buena,Sin Semáforo,Camioneta/Utilitario
703,161499,2022-07-10,6:40:00,Urbana,Calle,RÍO LIMAY,1400,COMODORO RIVADAVIA,-2.749.018,-5.883.518,1.0,1.0,0.0,2,0.0,Colisión entre vehículos,2,Asfalto,Apto,Seca,Amanecer,NO,Despejado,Buena,,Automóvil
704,161499,2022-07-10,6:40:00,Urbana,Calle,RÍO LIMAY,1400,COMODORO RIVADAVIA,-2.749.018,-5.883.518,1.0,1.0,0.0,2,0.0,Colisión entre vehículos,2,Asfalto,Apto,Seca,Amanecer,NO,Despejado,Buena,,Motocicleta
705,169893,2022-07-09,13:55:00,Urbana,Avenida,AVENIDA RAÚL ALFONSÍN,5200,DESCARTES,-2.747.726,-5.878.632,1.0,1.0,0.0,2,0.0,Colisión entre vehículos,2,Asfalto,Apto,Seca,Día,NO,Despejado,Buena,Sin Semáforo,Automóvil
706,169893,2022-07-09,13:55:00,Urbana,Avenida,AVENIDA RAÚL ALFONSÍN,5200,DESCARTES,-2.747.726,-5.878.632,1.0,1.0,0.0,2,0.0,Colisión entre vehículos,2,Asfalto,Apto,Seca,Día,NO,Despejado,Buena,Sin Semáforo,Motocicleta
707,139275,2022-07-09,21:50:00,Urbana,Calle,AYACUCHO,,ARTIGAS,,,2.0,0.0,0.0,2,0.0,Colisión entre vehículos,2,Asfalto,Apto,Seca,Noche,NO,Despejado,Buena,Funciona,Automóvil
708,139275,2022-07-09,21:50:00,Urbana,Calle,AYACUCHO,,ARTIGAS,,,2.0,0.0,0.0,2,0.0,Colisión entre vehículos,2,Asfalto,Apto,Seca,Noche,NO,Despejado,Buena,Funciona,Camioneta/Utilitario
709,164590,2022-07-08,3:57:00,Urbana,Avenida,AV ARTIGA,1100,,,,1.0,0.0,0.0,1,0.0,Choque,1,Asfalto,Apto,"Despejada, Seca",Noche,SI,Despejado,Buena,Sin Semáforo,Automóvil
710,166063,2022-07-06,22:25:00,Urbana,Calle,TRANSITO COCOMAROLA,900,,-2.746.954,-5.881.874,0.0,1.0,0.0,1,0.0,Colisión entre vehículos,1,Asfalto,Apto,Seca,Noche,NO,Despejado,Buena,Sin Semáforo,Motocicleta
711,139265,2022-07-06,7:10:00,Urbana,Avenida,AV PATAGONIA,2100,CALLE 171,,,1.0,0.0,0.0,1,0.0,Despiste,1,Asfalto,Apto,Seca,Día,NO,Despejado,Buena,Sin Semáforo,Automóvil
712,142706,2022-07-05,18:39:00,Urbana,Avenida,AV ALTA GRACIA,2800,STA CATALINA,,,2.0,1.0,0.0,2,0.0,Colisión entre vehículos,2,Asfalto,Apto,Mojada,Atardecer,NO,Lluvia,Lluvia,Sin Semáforo,Motocicleta
713,142706,2022-07-05,18:39:00,Urbana,Avenida,AV ALTA GRACIA,2800,STA CATALINA,,,2.0,1.0,0.0,2,0.0,Colisión entre vehículos,2,Asfalto,Apto,Mojada,Atardecer,NO,Lluvia,Lluvia,Sin Semáforo,Motocicleta
714,151183,2022-07-05,18:10:00,Urbana,Avenida,AV PUJOL,2300,PERU,,,4.0,0.0,0.0,2,0.0,Colisión entre vehículos,2,Asfalto,Apto,"Despejada, Seca",Día,NO,Despejado,Buena,Sin Semáforo,Motocicleta
715,151183,2022-07-05,18:10:00,Urbana,Avenida,AV PUJOL,2300,PERU,,,4.0,0.0,0.0,2,0.0,Colisión entre vehículos,2,Asfalto,Apto,"Despejada, Seca",Día,NO,Despejado,Buena,Sin Semáforo,Motocicleta
716,159878,2022-07-05,8:37:00,Urbana,Avenida,AVDA MAIPÚ,700,,-2.748.492,-5.882.436,1.0,1.0,0.0,2,0.0,Colisión entre vehículos,2,,Apto,Seca,Día,NO,Despejado,Buena,,Automóvil
717,159878,2022-07-05,8:37:00,Urbana,Avenida,AVDA MAIPÚ,700,,-2.748.492,-5.882.436,1.0,1.0,0.0,2,0.0,Colisión entre vehículos,2,,Apto,Seca,Día,NO,Despejado,Buena,,Motocicleta
718,144735,2022-07-05,14:47:00,Urbana,Avenida,AV. COSTANERA,,3 DE abril,,,3.0,0.0,0.0,1,0.0,Colisión entre vehículos,1,Asfalto,Apto,Seca,Día,NO,Despejado,Buena,Funciona,Automóvil
719,157805,2022-07-05,8:35:00,Urbana,,ESPAÑA,1100,SAN MARTÍN,-2.747.053,-5.882.940,2.0,1.0,0.0,2,0.0,Colisión entre vehículos,2,Asfalto,Apto,"Despejada, Seca",Día,NO,Despejado,Buena,Sin Semáforo,Automóvil
720,157805,2022-07-05,8:35:00,Urbana,,ESPAÑA,1100,SAN MARTÍN,-2.747.053,-5.882.940,2.0,1.0,0.0,2,0.0,Colisión entre vehículos,2,Asfalto,Apto,"Despejada, Seca",Día,NO,Despejado,Buena,Sin Semáforo,Motocicleta
721,165427,2022-07-04,9:50:00,Urbana,Calle,NECOCHEA,1700,AVENIDA SARMIENTO,-2.748.020,-5.883.059,6.0,0.0,0.0,2,0.0,Colisión entre vehículos,2,Asfalto,Apto,Seca,Día,NO,Nublado,Buena,Sin Semáforo,Automóvil
722,165427,2022-07-04,9:50:00,Urbana,Calle,NECOCHEA,1700,AVENIDA SARMIENTO,-2.748.020,-5.883.059,6.0,0.0,0.0,2,0.0,Colisión entre vehículos,2,Asfalto,Apto,Seca,Día,NO,Nublado,Buena,Sin Semáforo,Automóvil
723,134069,2022-07-04,12:57:00,Urbana,Calle,MEXICO,1200,BELGRANO,,,2.0,0.0,0.0,2,0.0,Colisión entre vehículos,2,Asfalto,Apto,Seca,Día,NO,Despejado,Buena,,Automóvil
724,134069,2022-07-04,12:57:00,Urbana,Calle,MEXICO,1200,BELGRANO,,,2.0,0.0,0.0,2,0.0,Colisión entre vehículos,2,Asfalto,Apto,Seca,Día,NO,Despejado,Buena,,Motocicleta
725,145182,2022-07-03,21:42:00,Urbana,Avenida,GOBERNADOR RUIZ,,ESTADO UNIDO,,,2.0,1.0,0.0,2,0.0,Colisión entre vehículos,2,Asfalto,Apto,Seca,Noche,SI,Despejado,Buena,Sin Semáforo,Camioneta/Utilitario
726,145182,2022-07-03,21:42:00,Urbana,Avenida,GOBERNADOR RUIZ,,ESTADO UNIDO,,,2.0,1.0,0.0,2,0.0,Colisión entre vehículos,2,Asfalto,Apto,Seca,Noche,SI,Despejado,Buena,Sin Semáforo,Motocicleta
727,176145,2022-07-02,7:50:00,Urbana,Calle,BOLIVAR,2500,AV ARTIGAS,,,1.0,2.0,0.0,2,0.0,Colisión entre vehículos,2,Asfalto,Apto,Seca,Día,,Despejado,,Sin Semáforo,Automóvil
728,176145,2022-07-02,7:50:00,Urbana,Calle,BOLIVAR,2500,AV ARTIGAS,,,1.0,2.0,0.0,2,0.0,Colisión entre vehículos,2,Asfalto,Apto,Seca,Día,,Despejado,,Sin Semáforo,Motocicleta
729,136375,2022-07-02,11:26:00,Urbana,Avenida,TTE IBAÑEZ,2300,,,,1.0,1.0,0.0,2,0.0,Colisión entre vehículos,2,Asfalto,Apto,Seca,Día,SI,Despejado,Buena,,Transporte de carga
730,136375,2022-07-02,11:26:00,Urbana,Avenida,TTE IBAÑEZ,2300,,,,1.0,1.0,0.0,2,0.0,Colisión entre vehículos,2,Asfalto,Apto,Seca,Día,SI,Despejado,Buena,,Bicicleta
731,146713,2022-07-02,8:42:00,Urbana,,SAN MARTIN,,EE.UU,,,1.0,0.0,0.0,2,0.0,Colisión entre vehículos,2,Asfalto,Apto,"Despejada, Seca",Día,NO,Despejado,Buena,Sin Semáforo,Automóvil
732,146713,2022-07-02,8:42:00,Urbana,,SAN MARTIN,,EE.UU,,,1.0,0.0,0.0,2,0.0,Colisión entre vehículos,2,Asfalto,Apto,"Despejada, Seca",Día,NO,Despejado,Buena,Sin Semáforo,Motocicleta
733,134820,2022-07-02,12:15:00,Urbana,Calle,PEREZ BULNER,,CAYETANO RODRIGUEZ,,,2.0,0.0,0.0,2,0.0,Colisión entre vehículos,2,Asfalto,Apto,Seca,Día,NO,Despejado,Buena,,Motocicleta
734,134820,2022-07-02,12:15:00,Urbana,Calle,PEREZ BULNER,,CAYETANO RODRIGUEZ,,,2.0,0.0,0.0,2,0.0,Colisión entre vehículos,2,Asfalto,Apto,Seca,Día,NO,Despejado,Buena,,Motocicleta
735,139938,2022-07-02,10:00:00,Urbana,Avenida,AV 3 DE ABRIL,600,SAN LUIS,,,1.0,1.0,0.0,2,0.0,Colisión entre vehículos,2,Asfalto,Apto,Seca,Día,NO,Despejado,Buena,Funciona,Automóvil
736,139938,2022-07-02,10:00:00,Urbana,Avenida,AV 3 DE ABRIL,600,SAN LUIS,,,1.0,1.0,0.0,2,0.0,Colisión entre vehículos,2,Asfalto,Apto,Seca,Día,NO,Despejado,Buena,Funciona,Automóvil
737,145173,2022-07-02,16:15:00,,Avenida,AVENIDA VERA,,CATARMARCA,,,1.0,1.0,0.0,2,0.0,Colisión entre vehículos,2,Asfalto,Apto,Seca,Día,NO,Despejado,Buena,Sin Semáforo,Automóvil
738,145173,2022-07-02,16:15:00,,Avenida,AVENIDA VERA,,CATARMARCA,,,1.0,1.0,0.0,2,0.0,Colisión entre vehículos,2,Asfalto,Apto,Seca,Día,NO,Despejado,Buena,Sin Semáforo,Motocicleta
739,151193,2022-07-01,10:08:00,Urbana,Calle,TACUARI,,LAS HERAS,,,2.0,0.0,0.0,2,0.0,Colisión entre vehículos,2,Asfalto,Apto,Seca,Día,NO,Despejado,Buena,Sin Semáforo,Automóvil
740,151193,2022-07-01,10:08:00,Urbana,Calle,TACUARI,,LAS HERAS,,,2.0,0.0,0.0,2,0.0,Colisión entre vehículos,2,Asfalto,Apto,Seca,Día,NO,Despejado,Buena,Sin Semáforo,Motocicleta
741,139235,2022-07-01,8:45:00,Urbana,Avenida,AV. MAIPU,700,,,,1.0,1.0,0.0,2,0.0,Colisión entre vehículos,2,Asfalto,Apto,Seca,Día,NO,Despejado,Buena,,Motocicleta