,id_feu,siniestro_fecha,siniestro_hora,zona_ocurrencia,via_publica,nombre_via,altura_km,entre_calle_1,latitud,longitud,ilesos,heridos,fallecidos,vehiculos,peatones,tipo_siniestro_unico,cantidad_de_involucrados,material_de_la_calzada,estado_de_la_calzada,estado_fisico_ambiental,luminosidad,luz_artificial,estado_ambiental,visibilidad,semaforo,tipo_involucrado
742,139235,2022-07-01,8:45:00,Urbana,Avenida,AV. MAIPU,700,,,,1.0,1.0,0.0,2,0.0,Colisión entre vehículos,2,Asfalto,Apto,Seca,Día,NO,Despejado,Buena,,Camioneta/Utilitario
743,146729,2022-07-01,17:55:00,Urbana,Avenida,AV. TTE IBAÑEZ,,BALBOA,,,1.0,1.0,0.0,2,0.0,Colisión entre vehículos,2,Asfalto,Apto,"Despejada, Seca",Día,NO,Despejado,Buena,Sin Semáforo,Camioneta/Utilitario
744,146729,2022-07-01,17:55:00,Urbana,Avenida,AV. TTE IBAÑEZ,,BALBOA,,,1.0,1.0,0.0,2,0.0,Colisión entre vehículos,2,Asfalto,Apto,"Despejada, Seca",Día,NO,Despejado,Buena,Sin Semáforo,Motocicleta
745,151217,2022-07-01,12:30:00,Urbana,,MADARIAGA,2489,FRAGATA HERCULES,,,1.0,1.0,0.0,1,1.0,Atropello a peatón/es,2,Asfalto,Apto,Seca,Día,NO,Despejado,Buena,Sin Semáforo,Motocicleta
746,151217,2022-07-01,12:30:00,Urbana,,MADARIAGA,2489,FRAGATA HERCULES,,,1.0,1.0,0.0,1,1.0,Atropello a peatón/es,2,Asfalto,Apto,Seca,Día,NO,Despejado,Buena,Sin Semáforo,Peatón
747,146723,2022-06-30,15:55:00,Urbana,,CORDOBA,,SAN MARTIN,,,2.0,0.0,0.0,2,0.0,Colisión entre vehículos,2,Asfalto,Apto,Mojada,Día,NO,Lluvia,Lluvia,Sin Semáforo,Automóvil
748,146723,2022-06-30,15:55:00,Urbana,,CORDOBA,,SAN MARTIN,,,2.0,0.0,0.0,2,0.0,Colisión entre vehículos,2,Asfalto,Apto,Mojada,Día,NO,Lluvia,Lluvia,Sin Semáforo,Automóvil
749,174635,2022-06-30,15:10:00,Urbana,Avenida,Av. Montecarlos,1900,Río de Janeíro,,,1.0,1.0,0.0,2,0.0,Colisión entre vehículos,2,,Apto,Seca,Día,,Despejado,,Sin Semáforo,Automóvil
750,174635,2022-06-30,15:10:00,Urbana,Avenida,Av. Montecarlos,1900,Río de Janeíro,,,1.0,1.0,0.0,2,0.0,Colisión entre vehículos,2,,Apto,Seca,Día,,Despejado,,Sin Semáforo,Motocicleta
751,148994,2022-06-30,13:50:00,Urbana,Avenida,AV 3 DE ABRIL,800,BS AS,,,2.0,0.0,0.0,2,0.0,Colisión entre vehículos,2,Asfalto,Apto,"Despejada, Seca",Día,NO,Despejado,Buena,Funciona,Automóvil
752,148994,2022-06-30,13:50:00,Urbana,Avenida,AV 3 DE ABRIL,800,BS AS,,,2.0,0.0,0.0,2,0.0,Colisión entre vehículos,2,Asfalto,Apto,"Despejada, Seca",Día,NO,Despejado,Buena,Funciona,Automóvil
753,169891,2022-06-29,9:30:00,Urbana,Avenida,AVENIDA LIBERTAD,5300,UNNE,-2.746.523,-5.878.392,1.0,1.0,0.0,2,0.0,Colisión entre vehículos,2,Asfalto,Apto,,Día,NO,Despejado,Buena,Funciona,Automóvil
754,169891,2022-06-29,9:30:00,Urbana,Avenida,AVENIDA LIBERTAD,5300,UNNE,-2.746.523,-5.878.392,1.0,1.0,0.0,2,0.0,Colisión entre vehículos,2,Asfalto,Apto,,Día,NO,Despejado,Buena,Funciona,Motocicleta
755,141873,2022-06-29,12:40:00,Urbana,Avenida,AV MAIPU,,LAS HERAS,,,2.0,0.0,0.0,2,0.0,Colisión entre vehículos,2,Asfalto,Apto,Seca,Día,NO,Despejado,Buena,Funciona,Automóvil
756,141873,2022-06-29,12:40:00,Urbana,Avenida,AV MAIPU,,LAS HERAS,,,2.0,0.0,0.0,2,0.0,Colisión entre vehículos,2,Asfalto,Apto,Seca,Día,NO,Despejado,Buena,Funciona,Motocicleta
757,148155,2022-06-29,14:19:00,Urbana,Calle,LA RIOJA,2000,LAS HERAS,-2.748.033,-5.883.972,1.0,1.0,0.0,2,0.0,Colisión entre vehículos,2,,Apto,Seca,Día,NO,Despejado,Buena,Sin Semáforo,Automóvil
758,148155,2022-06-29,14:19:00,Urbana,Calle,LA RIOJA,2000,LAS HERAS,-2.748.033,-5.883.972,1.0,1.0,0.0,2,0.0,Colisión entre vehículos,2,,Apto,Seca,Día,NO,Despejado,Buena,Sin Semáforo,Motocicleta
759,152959,2022-06-28,20:00:00,Urbana,,AV.MAIPÙ,,SANTA CATALINA,,,1.0,1.0,0.0,2,0.0,,2,Hormigón,Apto,Seca,Atardecer,SI,Despejado,Buena,Funciona,Motocicleta
760,152959,2022-06-28,20:00:00,Urbana,,AV.MAIPÙ,,SANTA CATALINA,,,1.0,1.0,0.0,2,0.0,,2,Hormigón,Apto,Seca,Atardecer,SI,Despejado,Buena,Funciona,Camioneta/Utilitario
761,151200,2022-06-27,16:50:00,Urbana,,AV MAIPU,,TILCARA,,,1.0,1.0,0.0,2,0.0,Colisión entre vehículos,2,Asfalto,Apto,Seca,Día,NO,Despejado,Buena,Sin Semáforo,Automóvil
762,151200,2022-06-27,16:50:00,Urbana,,AV MAIPU,,TILCARA,,,1.0,1.0,0.0,2,0.0,Colisión entre vehículos,2,Asfalto,Apto,Seca,Día,NO,Despejado,Buena,Sin Semáforo,Motocicleta
763,152939,2022-06-27,10:35:00,Urbana,Calle,ESTADO DE ISRAEL,2600,,-2.747.268,-5.881.894,2.0,0.0,0.0,2,0.0,Colisión entre vehículos,2,Asfalto,Apto,Seca,Día,NO,Despejado,Buena,Sin Semáforo,Automóvil
764,152939,2022-06-27,10:35:00,Urbana,Calle,ESTADO DE ISRAEL,2600,,-2.747.268,-5.881.894,2.0,0.0,0.0,2,0.0,Colisión entre vehículos,2,Asfalto,Apto,Seca,Día,NO,Despejado,Buena,Sin Semáforo,Automóvil
765,134861,2022-06-26,22:51:00,Urbana,Calle,CUBA,,YUGOSLAVIA,,,0.0,2.0,0.0,2,0.0,Colisión entre vehículos,2,,Apto,,Noche,SI,,Buena,,Motocicleta
766,134861,2022-06-26,22:51:00,Urbana,Calle,CUBA,,YUGOSLAVIA,,,0.0,2.0,0.0,2,0.0,Colisión entre vehículos,2,,Apto,,Noche,SI,,Buena,,Motocicleta
767,165340,2022-06-26,13:03:00,Urbana,Avenida,AVENIDA RAÚL ALFONSÍN,4800,ARAOZ,,,1.0,1.0,0.0,1,1.0,Colisión entre vehículos,2,Hormigón,Apto,Seca,Día,NO,Despejado,Buena,Sin Semáforo,Motocicleta
768,165340,2022-06-26,13:03:00,Urbana,Avenida,AVENIDA RAÚL ALFONSÍN,4800,ARAOZ,,,1.0,1.0,0.0,1,1.0,Colisión entre vehículos,2,Hormigón,Apto,Seca,Día,NO,Despejado,Buena,Sin Semáforo,Peatón
769,134853,2022-06-26,12:38:00,Urbana,Calle,COLOMBIA,1300,BROWN,-2.747.401,-5.881.752,2.0,0.0,0.0,2,0.0,Colisión entre vehículos,2,Asfalto,Apto,Seca,Día,,Despejado,Buena,Sin Semáforo,Automóvil
770,134853,2022-06-26,12:38:00,Urbana,Calle,COLOMBIA,1300,BROWN,-2.747.401,-5.881.752,2.0,0.0,0.0,2,0.0,Colisión entre vehículos,2,Asfalto,Apto,Seca,Día,,Despejado,Buena,Sin Semáforo,Motocicleta
771,169154,2022-06-26,6:00:00,Urbana,Avenida,AVENIDA MAIPÚ,3600,VALPARAISO,-2.749.729,-5.881.599,1.0,1.0,0.0,2,0.0,Colisión entre vehículos,2,Asfalto,Apto,Seca,Amanecer,SI,Despejado,Buena,Sin Semáforo,Automóvil
772,169154,2022-06-26,6:00:00,Urbana,Avenida,AVENIDA MAIPÚ,3600,VALPARAISO,-2.749.729,-5.881.599,1.0,1.0,0.0,2,0.0,Colisión entre vehículos,2,Asfalto,Apto,Seca,Amanecer,SI,Despejado,Buena,Sin Semáforo,Motocicleta
773,141857,2022-06-25,9:10:00,Urbana,Calle,CORDOBA,1500,3 DE abril,,,0.0,1.0,0.0,1,0.0,Caída desde vehículo,1,Asfalto,Apto,Seca,Día,NO,Despejado,Buena,Funciona,Motocicleta
774,152054,2022-06-25,8:40:00,Urbana,Calle,LAPRIDA,,LAPIACE,,,1.0,1.0,0.0,2,0.0,Colisión entre vehículos,2,Asfalto,Apto,Seca,Día,NO,Despejado,Buena,Sin Semáforo,Motocicleta
775,152054,2022-06-25,8:40:00,Urbana,Calle,LAPRIDA,,LAPIACE,,,1.0,1.0,0.0,2,0.0,Colisión entre vehículos,2,Asfalto,Apto,Seca,Día,NO,Despejado,Buena,Sin Semáforo,Automóvil
776,152103,2022-06-23,18:00:00,Urbana,,SAN MARTIN,,CATAMARCA,,,1.0,1.0,0.0,2,0.0,Colisión entre vehículos,2,Asfalto,Apto,Seca,Día,NO,Despejado,Buena,Sin Semáforo,Automóvil
777,152103,2022-06-23,18:00:00,Urbana,,SAN MARTIN,,CATAMARCA,,,1.0,1.0,0.0,2,0.0,Colisión entre vehículos,2,Asfalto,Apto,Seca,Día,NO,Despejado,Buena,Sin Semáforo,Motocicleta
778,171743,2022-06-23,17:59:00,Urbana,Calle,BELGRANO,2100,BRASIL,-2.747.329,-5.882.458,2.0,0.0,0.0,2,0.0,Colisión entre vehículos,2,Asfalto,Apto,"Despejada, Seca",Día,NO,Despejado,Buena,Sin Semáforo,Camioneta/Utilitario
779,171743,2022-06-23,17:59:00,Urbana,Calle,BELGRANO,2100,BRASIL,-2.747.329,-5.882.458,2.0,0.0,0.0,2,0.0,Colisión entre vehículos,2,Asfalto,Apto,"Despejada, Seca",Día,NO,Despejado,Buena,Sin Semáforo,Motocicleta
780,174820,2022-06-23,19:10:00,Urbana,Calle,SICILIA,4700,GRANADA,-2.745.758,-5.878.847,1.0,1.0,0.0,2,0.0,Colisión entre vehículos,2,Ripio,Apto,Seca,Día,,Despejado,,Sin Semáforo,Motocicleta
781,174820,2022-06-23,19:10:00,Urbana,Calle,SICILIA,4700,GRANADA,-2.745.758,-5.878.847,1.0,1.0,0.0,2,0.0,Colisión entre vehículos,2,Ripio,Apto,Seca,Día,,Despejado,,Sin Semáforo,Transporte de pasajeros
782,159884,2022-06-22,19:25:00,Urbana,Calle,TACUARÍ,2090,LAMADRID,-2.748.542,-5.880.714,1.0,1.0,0.0,2,0.0,Colisión entre vehículos,2,Hormigón,Apto,"Despejada, Seca",Noche,SI,Despejado,Buena,Sin Semáforo,Motocicleta
783,159884,2022-06-22,19:25:00,Urbana,Calle,TACUARÍ,2090,LAMADRID,-2.748.542,-5.880.714,1.0,1.0,0.0,2,0.0,Colisión entre vehículos,2,Hormigón,Apto,"Despejada, Seca",Noche,SI,Despejado,Buena,Sin Semáforo,Motocicleta
784,164601,2022-06-22,16:30:00,Urbana,Ruta Provincial,5,"2,5",FRENTE A STA RITA,,,1.0,0.0,0.0,1,0.0,Vuelco (solo 1 participante),1,Asfalto,Apto,"Despejada, Seca",Día,NO,Despejado,Buena,Sin Semáforo,Transporte de carga
785,165421,2022-06-22,13:23:00,Urbana,Calle,PLÁCIDO MARTÍNEZ,900,SALTA,-2.746.176,-5.883.877,1.0,1.0,0.0,2,0.0,Colisión entre vehículos,2,Asfalto,Apto,Seca,Día,SI,Nublado,Buena,Funciona,Transporte de pasajeros
786,165421,2022-06-22,13:23:00,Urbana,Calle,PLÁCIDO MARTÍNEZ,900,SALTA,-2.746.176,-5.883.877,1.0,1.0,0.0,2,0.0,Colisión entre vehículos,2,Asfalto,Apto,Seca,Día,SI,Nublado,Buena,Funciona,Motocicleta
787,148955,2022-06-22,17:30:00,Urbana,Calle,GUASTAVINO,1600,LAVALLE,,,2.0,1.0,0.0,2,0.0,Colisión entre vehículos,2,Asfalto,Apto,Seca,Día,NO,Despejado,Buena,Sin Semáforo,Motocicleta
788,148955,2022-06-22,17:30:00,Urbana,Calle,GUASTAVINO,1600,LAVALLE,,,2.0,1.0,0.0,2,0.0,Colisión entre vehículos,2,Asfalto,Apto,Seca,Día,NO,Despejado,Buena,Sin Semáforo,Automóvil
789,171748,2022-06-21,17:52:00,Urbana,Avenida,AVENIDA CHACABUCO,1000,AVENIDA CENTENARIO,-2.747.117,-5.881.256,1.0,1.0,0.0,2,0.0,Colisión entre vehículos,2,Asfalto,Apto,"Despejada, Seca",Día,SI,Despejado,Buena,Funciona,Automóvil
790,171748,2022-06-21,17:52:00,Urbana,Avenida,AVENIDA CHACABUCO,1000,AVENIDA CENTENARIO,-2.747.117,-5.881.256,1.0,1.0,0.0,2,0.0,Colisión entre vehículos,2,Asfalto,Apto,"Despejada, Seca",Día,SI,Despejado,Buena,Funciona,Motocicleta
791,139997,2022-06-20,21:10:00,Urbana,Avenida,AV ALTA GRACIA,2800,AV STA CATALINA,,,1.0,1.0,0.0,2,0.0,Colisión entre vehículos,2,Asfalto,Apto,Seca,Noche,SI,Despejado,Buena,Sin Semáforo,Motocicleta
792,139997,2022-06-20,21:10:00,Urbana,Avenida,AV ALTA GRACIA,2800,AV STA CATALINA,,,1.0,1.0,0.0,2,0.0,Colisión entre vehículos,2,Asfalto,Apto,Seca,Noche,SI,Despejado,Buena,Sin Semáforo,Automóvil
793,156556,2022-06-20,18:50:00,Urbana,Calle,CORDOBA,1300,BELGRANO,-2.747.226,-5.883.513,2.0,0.0,0.0,2,0.0,Colisión entre vehículos,2,Asfalto,Apto,"Despejada, Seca",Noche,SI,Despejado,Buena,Sin Semáforo,Automóvil
794,156556,2022-06-20,18:50:00,Urbana,Calle,CORDOBA,1300,BELGRANO,-2.747.226,-5.883.513,2.0,0.0,0.0,2,0.0,Colisión entre vehículos,2,Asfalto,Apto,"Despejada, Seca",Noche,SI,Despejado,Buena,Sin Semáforo,Motocicleta
795,134866,2022-06-20,13:40:00,Urbana,Avenida,AV JUAN DE VERA,,ROCA,,,1.0,1.0,0.0,2,0.0,Choque,2,Asfalto,Apto,Seca,Día,NO,Despejado,Buena,,Motocicleta
796,134866,2022-06-20,13:40:00,Urbana,Avenida,AV JUAN DE VERA,,ROCA,,,1.0,1.0,0.0,2,0.0,Choque,2,Asfalto,Apto,Seca,Día,NO,Despejado,Buena,,Camioneta/Utilitario
797,134045,2022-06-20,12:45:00,Urbana,Avenida,AV. INDEPENDENCIA,,LAS PIEDRAS,,,0.0,1.0,0.0,1,0.0,Choque,1,Hormigón,Apto,Seca,Día,NO,Despejado,Buena,Funciona,Automóvil
798,164617,2022-06-20,11:20:00,Urbana,Calle,ROCA,600,25 DE mayo,-2.746.552,-5.882.207,1.0,1.0,0.0,2,0.0,Colisión entre vehículos,2,Asfalto,,,Día,NO,Despejado,Buena,,Automóvil
799,164617,2022-06-20,11:20:00,Urbana,Calle,ROCA,600,25 DE mayo,-2.746.552,-5.882.207,1.0,1.0,0.0,2,0.0,Colisión entre vehículos,2,Asfalto,,,Día,NO,Despejado,Buena,,Transporte de carga
800,134804,2022-06-20,7:05:00,Urbana,Avenida,AV MAIPU,2400,,,,1.0,1.0,0.0,2,0.0,Colisión entre vehículos,2,Hormigón,Apto,Seca,Día,NO,Despejado,Buena,Sin Semáforo,Automóvil
801,134804,2022-06-20,7:05:00,Urbana,Avenida,AV MAIPU,2400,,,,1.0,1.0,0.0,2,0.0,Colisión entre vehículos,2,Hormigón,Apto,Seca,Día,NO,Despejado,Buena,Sin Semáforo,Motocicleta
802,151213,2022-06-19,17:05:00,Urbana,Avenida,AV FERRE,2900,CHACABUCO,,,2.0,1.0,0.0,2,0.0,Colisión entre vehículos,2,Asfalto,Apto,"Despejada, Seca",Día,NO,Despejado,Buena,Funciona,Motocicleta
803,151213,2022-06-19,17:05:00,Urbana,Avenida,AV FERRE,2900,CHACABUCO,,,2.0,1.0,0.0,2,0.0,Colisión entre vehículos,2,Asfalto,Apto,"Despejada, Seca",Día,NO,Despejado,Buena,Funciona,Automóvil
804,135558,2022-06-19,11:15:00,Urbana,Avenida,AV MAIPU,1100,,,,2.0,0.0,0.0,2,0.0,Colisión entre vehículos,2,Asfalto,Apto,Seca,Día,NO,Despejado,Buena,Sin Semáforo,Motocicleta
805,135558,2022-06-19,11:15:00,Urbana,Avenida,AV MAIPU,1100,,,,2.0,0.0,0.0,2,0.0,Colisión entre vehículos,2,Asfalto,Apto,Seca,Día,NO,Despejado,Buena,Sin Semáforo,Transporte de carga
806,153812,2022-06-19,8:40:00,Urbana,Calle,ROTONDA ESPAÑA,2100,,,,2.0,0.0,0.0,2,0.0,Colisión entre vehículos,2,Asfalto,Apto,"Despejada, Seca",Día,NO,Despejado,Buena,Sin Semáforo,Automóvil
807,153812,2022-06-19,8:40:00,Urbana,Calle,ROTONDA ESPAÑA,2100,,,,2.0,0.0,0.0,2,0.0,Colisión entre vehículos,2,Asfalto,Apto,"Despejada, Seca",Día,NO,Despejado,Buena,Sin Semáforo,Automóvil
808,167745,2022-06-19,14:00:00,Urbana,Avenida,AVENIDA RAÚL ALFONSÍN,3700,TACUARÍ,-2.747.306,-5.880.528,1.0,1.0,0.0,2,0.0,Choque,2,Asfalto,Apto,Seca,Día,SI,Nublado,Buena,Funciona,Motocicleta
809,167745,2022-06-19,14:00:00,Urbana,Avenida,AVENIDA RAÚL ALFONSÍN,3700,TACUARÍ,-2.747.306,-5.880.528,1.0,1.0,0.0,2,0.0,Choque,2,Asfalto,Apto,Seca,Día,SI,Nublado,Buena,Funciona,Motocicleta
810,133415,2022-06-19,8:10:00,Urbana,Calle,COLOMBIA,,JUNIN,,,1.0,1.0,0.0,2,0.0,Colisión entre vehículos,2,Asfalto,Apto,,Día,NO,Despejado,Buena,,Automóvil
811,133415,2022-06-19,8:10:00,Urbana,Calle,COLOMBIA,,JUNIN,,,1.0,1.0,0.0,2,0.0,Colisión entre vehículos,2,Asfalto,Apto,,Día,NO,Despejado,Buena,,Motocicleta
812,151224,2022-06-19,9:44:00,Urbana,Avenida,AV. INDEPENDENCIA,,GUEMES,,,2.0,3.0,0.0,2,0.0,Colisión entre vehículos,2,Asfalto,Apto,Seca,Día,NO,Despejado,Buena,Funciona,Automóvil
813,151224,2022-06-19,9:44:00,Urbana,Avenida,AV. INDEPENDENCIA,,GUEMES,,,2.0,3.0,0.0,2,0.0,Colisión entre vehículos,2,Asfalto,Apto,Seca,Día,NO,Despejado,Buena,Funciona,Automóvil
814,157798,2022-06-19,11:05:00,Urbana,Avenida,AV INDEPENDENCIA,2900,AV CHACABUCO,,,6.0,2.0,0.0,4,0.0,Colisión entre vehículos,4,Asfalto,Apto,"Despejada, Seca",Día,NO,Despejado,Buena,Funciona,Automóvil
815,157798,2022-06-19,11:05:00,Urbana,Avenida,AV INDEPENDENCIA,2900,AV CHACABUCO,,,6.0,2.0,0.0,4,0.0,Colisión entre vehículos,4,Asfalto,Apto,"Despejada, Seca",Día,NO,Despejado,Buena,Funciona,Automóvil
816,157798,2022-06-19,11:05:00,Urbana,Avenida,AV INDEPENDENCIA,2900,AV CHACABUCO,,,6.0,2.0,0.0,4,0.0,Colisión entre vehículos,4,Asfalto,Apto,"Despejada, Seca",Día,NO,Despejado,Buena,Funciona,Camioneta/Utilitario
817,157798,2022-06-19,11:05:00,Urbana,Avenida,AV INDEPENDENCIA,2900,AV CHACABUCO,,,6.0,2.0,0.0,4,0.0,Colisión entre vehículos,4,Asfalto,Apto,"Despejada, Seca",Día,NO,Despejado,Buena,Funciona,Camioneta/Utilitario
818,164580,2022-06-19,12:00:00,Urbana,Avenida,AV PEDRO FERRE,2600,,,,2.0,0.0,0.0,2,0.0,Colisión entre vehículos,2,Asfalto,Apto,"Despejada, Seca",Día,NO,Despejado,Buena,Funciona,Automóvil
819,164580,2022-06-19,12:00:00,Urbana,Avenida,AV PEDRO FERRE,2600,,,,2.0,0.0,0.0,2,0.0,Colisión entre vehículos,2,Asfalto,Apto,"Despejada, Seca",Día,NO,Despejado,Buena,Funciona,Automóvil
820,169152,2022-06-18,11:20:00,Urbana,Calle,BUENOS AIRES,800,25 DE mayo,-2.746.385,-5.884.021,2.0,0.0,0.0,2,0.0,Colisión entre vehículos,2,Asfalto,Apto,Seca,Día,NO,Despejado,Buena,Sin Semáforo,Automóvil
821,169152,2022-06-18,11:20:00,Urbana,Calle,BUENOS AIRES,800,25 DE mayo,-2.746.385,-5.884.021,2.0,0.0,0.0,2,0.0,Colisión entre vehículos,2,Asfalto,Apto,Seca,Día,NO,Despejado,Buena,Sin Semáforo,Camioneta/Utilitario
822,152985,2022-06-18,6:55:00,Urbana,,VERONA,,COLECTORA,,,0.0,1.0,0.0,1,0.0,Caída desde vehículo,1,Asfalto,Apto,Despejada,,SI,Despejado,Buena,Sin Semáforo,Motocicleta
823,134042,2022-06-18,9:40:00,Urbana,Calle,TACUARÍ,,GENERAL PAZ,,,1.0,0.0,0.0,1,0.0,Choque,1,,Apto,Seca,Día,NO,Despejado,,Sin Semáforo,Automóvil
824,148950,2022-06-18,8:00:00,Urbana,Calle,25 DE mayo,1100,SAN JUAN,,,1.0,1.0,0.0,2,0.0,Colisión entre vehículos,2,Asfalto,Apto,Mojada,Día,NO,Lluvia,Buena,Sin Semáforo,Automóvil
825,148950,2022-06-18,8:00:00,Urbana,Calle,25 DE mayo,1100,SAN JUAN,,,1.0,1.0,0.0,2,0.0,Colisión entre vehículos,2,Asfalto,Apto,Mojada,Día,NO,Lluvia,Buena,Sin Semáforo,Motocicleta
826,153895,2022-06-18,8:10:00,,,AV PUJOL,,BRASIL,,,2.0,0.0,0.0,2,0.0,Colisión entre vehículos,2,Asfalto,,Seca,Día,NO,Despejado,Buena,,Automóvil
827,153895,2022-06-18,8:10:00,,,AV PUJOL,,BRASIL,,,2.0,0.0,0.0,2,0.0,Colisión entre vehículos,2,Asfalto,,Seca,Día,NO,Despejado,Buena,,Automóvil
828,160654,2022-06-18,6:00:00,Urbana,Calle,CÓRDOBA,700,CARLOS PELLEGRINI,-2.746.557,-5.883.408,2.0,0.0,0.0,2,0.0,Colisión entre vehículos,2,Asfalto,Apto,Seca,Amanecer,NO,Despejado,,Funciona,Automóvil
829,160654,2022-06-18,6:00:00,Urbana,Calle,CÓRDOBA,700,CARLOS PELLEGRINI,-2.746.557,-5.883.408,2.0,0.0,0.0,2,0.0,Colisión entre vehículos,2,Asfalto,Apto,Seca,Amanecer,NO,Despejado,,Funciona,Automóvil
830,137572,2022-06-18,20:00:00,Urbana,Calle,BONASTRE,1800,IBERA,,,0.0,2.0,0.0,2,0.0,Colisión entre vehículos,2,Asfalto,Apto,Seca,Noche,SI,Despejado,Buena,Funciona,Motocicleta
831,137572,2022-06-18,20:00:00,Urbana,Calle,BONASTRE,1800,IBERA,,,0.0,2.0,0.0,2,0.0,Colisión entre vehículos,2,Asfalto,Apto,Seca,Noche,SI,Despejado,Buena,Funciona,Bicicleta
832,164613,2022-06-17,7:30:00,Urbana,Avenida,AVDA. ARMENIA,4300,CRISTO OBRERO,-2.746.863,-5.879.800,0.0,2.0,0.0,1,1.0,Atropello a peatón/es,2,Hormigón,Apto,Seca,Día,NO,"Despejado, Viento",Buena,Funciona,Motocicleta
833,164613,2022-06-17,7:30:00,Urbana,Avenida,AVDA. ARMENIA,4300,CRISTO OBRERO,-2.746.863,-5.879.800,0.0,2.0,0.0,1,1.0,Atropello a peatón/es,2,Hormigón,Apto,Seca,Día,NO,"Despejado, Viento",Buena,Funciona,Peatón
834,168421,2022-06-17,6:30:00,Urbana,Avenida,AVENIDA PEDRO FERRÉ,2260,,,,0.0,1.0,0.0,2,0.0,Choque,2,Asfalto,Apto,Seca,Día,NO,Despejado,Buena,Sin Semáforo,Automóvil
835,168421,2022-06-17,6:30:00,Urbana,Avenida,AVENIDA PEDRO FERRÉ,2260,,,,0.0,1.0,0.0,2,0.0,Choque,2,Asfalto,Apto,Seca,Día,NO,Despejado,Buena,Sin Semáforo,Motocicleta
836,161483,2022-06-17,21:45:00,Urbana,Calle,ASUNCIÓN,2560,,,,1.0,0.0,1.0,2,0.0,Colisión entre vehículos,2,Asfalto,Apto,Seca,Noche,SI,Despejado,Buena,Sin Semáforo,Transporte de pasajeros
837,161483,2022-06-17,21:45:00,Urbana,Calle,ASUNCIÓN,2560,,,,1.0,0.0,1.0,2,0.0,Colisión entre vehículos,2,Asfalto,Apto,Seca,Noche,SI,Despejado,Buena,Sin Semáforo,Motocicleta
838,174821,2022-06-17,7:00:00,Urbana,Avenida,AVDA. CARTAGENA,4400,AVDA. MEDRANO,-2.749.615,-5.880.031,2.0,1.0,0.0,2,0.0,Colisión entre vehículos,2,Asfalto,Apto,Seca,Día,,Despejado,,Funciona,Automóvil
839,174821,2022-06-17,7:00:00,Urbana,Avenida,AVDA. CARTAGENA,4400,AVDA. MEDRANO,-2.749.615,-5.880.031,2.0,1.0,0.0,2,0.0,Colisión entre vehículos,2,Asfalto,Apto,Seca,Día,,Despejado,,Funciona,Motocicleta
840,157785,2022-06-15,10:24:00,Urbana,Avenida,AV ARMRNIA,4300,LOS LAPACHO,-2.746.898,-5.879.883,0.0,2.0,0.0,1,1.0,Colisión entre vehículos,2,Asfalto,Apto,Seca,Día,SI,Despejado,Buena,Sin Semáforo,Peatón
841,157785,2022-06-15,10:24:00,Urbana,Avenida,AV ARMRNIA,4300,LOS LAPACHO,-2.746.898,-5.879.883,0.0,2.0,0.0,1,1.0,Colisión entre vehículos,2,Asfalto,Apto,Seca,Día,SI,Despejado,Buena,Sin Semáforo,Motocicleta
842,157849,2022-06-15,19:30:00,Urbana,Avenida,AV MAIPU,5500,ROTONDA SANTA CATALINA,-2.752.241,-5.879.940,0.0,1.0,0.0,1,0.0,Caída desde vehículo,1,Asfalto,Apto,"Despejada, Seca",Noche,SI,Despejado,Buena,Sin Semáforo,Motocicleta
843,173503,2022-06-14,14:20:00,Urbana,Calle,San Lorenzo,900,Junin,,,2.0,0.0,0.0,2,0.0,Colisión entre vehículos,2,Otro,Apto,Seca,Día,,Despejado,,Funciona,Automóvil
844,173503,2022-06-14,14:20:00,Urbana,Calle,San Lorenzo,900,Junin,,,2.0,0.0,0.0,2,0.0,Colisión entre vehículos,2,Otro,Apto,Seca,Día,,Despejado,,Funciona,Transporte de pasajeros
845,143755,2022-06-14,5:36:00,Urbana,Ruta Nacional,5,100,,,,1.0,0.0,0.0,1,0.0,Despiste,1,Asfalto,Apto,Seca,Amanecer,NO,Despejado,Buena,Sin Semáforo,Camioneta/Utilitario
846,137592,2022-06-14,13:39:00,Urbana,Avenida,AV. CENTENARIO,4600,QUINQUELA MARTIN,,,1.0,1.0,0.0,2,0.0,Colisión entre vehículos,2,Asfalto,Apto,Seca,Día,NO,Despejado,Buena,Sin Semáforo,Automóvil
847,137592,2022-06-14,13:39:00,Urbana,Avenida,AV. CENTENARIO,4600,QUINQUELA MARTIN,,,1.0,1.0,0.0,2,0.0,Colisión entre vehículos,2,Asfalto,Apto,Seca,Día,NO,Despejado,Buena,Sin Semáforo,Motocicleta
848,175492,2022-06-14,10:00:00,Urbana,Calle,GUTEMBERG,1200,LAMADRID,,,1.0,1.0,0.0,2,0.0,Colisión entre vehículos,2,Asfalto,Apto,Seca,Día,,Despejado,,Sin Semáforo,Automóvil
849,175492,2022-06-14,10:00:00,Urbana,Calle,GUTEMBERG,1200,LAMADRID,,,1.0,1.0,0.0,2,0.0,Colisión entre vehículos,2,Asfalto,Apto,Seca,Día,,Despejado,,Sin Semáforo,Motocicleta