,id_feu,siniestro_fecha,siniestro_hora,zona_ocurrencia,via_publica,nombre_via,altura_km,entre_calle_1,latitud,longitud,ilesos,heridos,fallecidos,vehiculos,peatones,tipo_siniestro_unico,cantidad_de_involucrados,material_de_la_calzada,estado_de_la_calzada,estado_fisico_ambiental,luminosidad,luz_artificial,estado_ambiental,visibilidad,semaforo,tipo_involucrado
850,143765,2022-06-14,11:34:00,Urbana,Avenida,3 DE abril,1400,CATAMARCA,,,3.0,0.0,0.0,3,0.0,Colisión entre vehículos,3,Asfalto,Apto,Seca,Día,NO,Despejado,Buena,Funciona,Automóvil
851,143765,2022-06-14,11:34:00,Urbana,Avenida,3 DE abril,1400,CATAMARCA,,,3.0,0.0,0.0,3,0.0,Colisión entre vehículos,3,Asfalto,Apto,Seca,Día,NO,Despejado,Buena,Funciona,Camioneta/Utilitario
852,143765,2022-06-14,11:34:00,Urbana,Avenida,3 DE abril,1400,CATAMARCA,,,3.0,0.0,0.0,3,0.0,Colisión entre vehículos,3,Asfalto,Apto,Seca,Día,NO,Despejado,Buena,Funciona,Automóvil
853,157800,2022-06-13,16:45:00,Urbana,Avenida,AV 3 DE ABRIL,300,CHACO,,,2.0,0.0,0.0,2,0.0,Colisión entre vehículos,2,Asfalto,Apto,"Despejada, Seca",Día,NO,Despejado,Buena,Funciona,Automóvil
854,157800,2022-06-13,16:45:00,Urbana,Avenida,AV 3 DE ABRIL,300,CHACO,,,2.0,0.0,0.0,2,0.0,Colisión entre vehículos,2,Asfalto,Apto,"Despejada, Seca",Día,NO,Despejado,Buena,Funciona,Camioneta/Utilitario
855,164598,2022-06-12,13:00:00,Urbana,Calle,LARREA,116,DR SUSSINI,,,1.0,1.0,0.0,2,0.0,Colisión entre vehículos,2,Asfalto,Apto,"Despejada, Seca",Día,NO,Despejado,Buena,Sin Semáforo,Motocicleta
856,164598,2022-06-12,13:00:00,Urbana,Calle,LARREA,116,DR SUSSINI,,,1.0,1.0,0.0,2,0.0,Colisión entre vehículos,2,Asfalto,Apto,"Despejada, Seca",Día,NO,Despejado,Buena,Sin Semáforo,Motocicleta
857,135583,2022-06-12,6:45:00,Urbana,Avenida,AV. FERRE,1900,PARAGUAY,-2.747.671,-5.882.746,1.0,1.0,0.0,2,0.0,Colisión entre vehículos,2,Asfalto,Apto,Seca,Día,NO,Despejado,Buena,Funciona,Motocicleta
858,135583,2022-06-12,6:45:00,Urbana,Avenida,AV. FERRE,1900,PARAGUAY,-2.747.671,-5.882.746,1.0,1.0,0.0,2,0.0,Colisión entre vehículos,2,Asfalto,Apto,Seca,Día,NO,Despejado,Buena,Funciona,Motocicleta
859,159881,2022-06-12,22:15:00,Urbana,Calle,SAN JUAN,2190,MADARIAGA,-2.748.271,-5.883.895,1.0,2.0,0.0,2,0.0,Colisión entre vehículos,2,Hormigón,Apto,"Despejada, Seca",Noche,SI,Despejado,,Sin Semáforo,Motocicleta
860,159881,2022-06-12,22:15:00,Urbana,Calle,SAN JUAN,2190,MADARIAGA,-2.748.271,-5.883.895,1.0,2.0,0.0,2,0.0,Colisión entre vehículos,2,Hormigón,Apto,"Despejada, Seca",Noche,SI,Despejado,,Sin Semáforo,Camioneta/Utilitario
861,146707,2022-06-11,6:39:00,Urbana,,AV.INDEPENDENCIA,4400,MEDRANO,,,1.0,2.0,0.0,2,0.0,Colisión entre vehículos,2,Asfalto,Apto,Seca,Amanecer,SI,Despejado,Buena,No Funciona,Automóvil
862,146707,2022-06-11,6:39:00,Urbana,,AV.INDEPENDENCIA,4400,MEDRANO,,,1.0,2.0,0.0,2,0.0,Colisión entre vehículos,2,Asfalto,Apto,Seca,Amanecer,SI,Despejado,Buena,No Funciona,Motocicleta
863,151164,2022-06-11,13:50:00,Urbana,,URUGUAY,,JULIO,,,2.0,0.0,0.0,2,0.0,Colisión entre vehículos,2,Asfalto,Apto,Seca,Día,NO,Despejado,Buena,Sin Semáforo,Automóvil
864,151164,2022-06-11,13:50:00,Urbana,,URUGUAY,,JULIO,,,2.0,0.0,0.0,2,0.0,Colisión entre vehículos,2,Asfalto,Apto,Seca,Día,NO,Despejado,Buena,Sin Semáforo,Automóvil
865,160653,2022-06-10,18:40:00,Urbana,Avenida,AVDA. INDEPENDENCIA,4000,,-2.747.988,-5.880.443,2.0,0.0,0.0,2,0.0,Colisión entre vehículos,2,Asfalto,Apto,Seca,Atardecer,NO,Despejado,Buena,,Transporte de carga
866,160653,2022-06-10,18:40:00,Urbana,Avenida,AVDA. INDEPENDENCIA,4000,,-2.747.988,-5.880.443,2.0,0.0,0.0,2,0.0,Colisión entre vehículos,2,Asfalto,Apto,Seca,Atardecer,NO,Despejado,Buena,,Motocicleta
867,139250,2022-06-09,6:20:00,Urbana,Avenida,AV CHACABUCO,1100,BOLIVAR,,,0.0,1.0,0.0,1,0.0,Caída desde vehículo,1,Asfalto,Apto,Seca,Amanecer,SI,Despejado,Buena,Sin Semáforo,Motocicleta
868,139261,2022-06-09,12:25:00,Urbana,Avenida,AV CHACABUCO,1700,ÑAEMBE,,,1.0,1.0,0.0,2,0.0,Colisión entre vehículos,2,Asfalto,Apto,Seca,Día,NO,Despejado,Buena,Sin Semáforo,Motocicleta
869,139261,2022-06-09,12:25:00,Urbana,Avenida,AV CHACABUCO,1700,ÑAEMBE,,,1.0,1.0,0.0,2,0.0,Colisión entre vehículos,2,Asfalto,Apto,Seca,Día,NO,Despejado,Buena,Sin Semáforo,Bicicleta
870,160648,2022-06-08,9:14:00,Urbana,Avenida,AVDA. MAIPÚ,641,,-2.748.357,-5.882.550,0.0,1.0,0.0,2,0.0,Colisión entre vehículos,2,Asfalto,Apto,Seca,,NO,,Buena,,Automóvil
871,160648,2022-06-08,9:14:00,Urbana,Avenida,AVDA. MAIPÚ,641,,-2.748.357,-5.882.550,0.0,1.0,0.0,2,0.0,Colisión entre vehículos,2,Asfalto,Apto,Seca,,NO,,Buena,,Motocicleta
872,171740,2022-06-07,16:50:00,Urbana,Calle,PÍO XII,2200,MADARIAGA,-2.748.303,-5.883.747,1.0,1.0,0.0,2,0.0,Colisión entre vehículos,2,Asfalto,Apto,"Despejada, Seca",Día,NO,Despejado,Buena,Sin Semáforo,Motocicleta
873,171740,2022-06-07,16:50:00,Urbana,Calle,PÍO XII,2200,MADARIAGA,-2.748.303,-5.883.747,1.0,1.0,0.0,2,0.0,Colisión entre vehículos,2,Asfalto,Apto,"Despejada, Seca",Día,NO,Despejado,Buena,Sin Semáforo,Bicicleta
874,139254,2022-06-06,16:45:00,Urbana,Avenida,AV GDOR RUIZ,2900,MEXICO,,,1.0,1.0,0.0,2,0.0,Colisión entre vehículos,2,Asfalto,Apto,Seca,Día,NO,Despejado,Buena,Sin Semáforo,Automóvil
875,139254,2022-06-06,16:45:00,Urbana,Avenida,AV GDOR RUIZ,2900,MEXICO,,,1.0,1.0,0.0,2,0.0,Colisión entre vehículos,2,Asfalto,Apto,Seca,Día,NO,Despejado,Buena,Sin Semáforo,Motocicleta
876,160681,2022-06-06,8:45:00,Urbana,Avenida,AVDA. INDEPENDENCIA,4800,,-2.748.065,-5.880.164,2.0,0.0,0.0,2,0.0,Colisión entre vehículos,2,Asfalto,Apto,Seca,Día,NO,Despejado,Buena,,Automóvil
877,160681,2022-06-06,8:45:00,Urbana,Avenida,AVDA. INDEPENDENCIA,4800,,-2.748.065,-5.880.164,2.0,0.0,0.0,2,0.0,Colisión entre vehículos,2,Asfalto,Apto,Seca,Día,NO,Despejado,Buena,,Motocicleta
878,165295,2022-06-05,10:58:00,Urbana,Calle,JUJUY,1397,MORENO,-2.747.390,-5.882.850,3.0,0.0,0.0,2,0.0,Colisión entre vehículos,2,Asfalto,Apto,"Despejada, Seca",Día,NO,Despejado,Buena,Sin Semáforo,Automóvil
879,165295,2022-06-05,10:58:00,Urbana,Calle,JUJUY,1397,MORENO,-2.747.390,-5.882.850,3.0,0.0,0.0,2,0.0,Colisión entre vehículos,2,Asfalto,Apto,"Despejada, Seca",Día,NO,Despejado,Buena,Sin Semáforo,Automóvil
880,134831,2022-06-05,12:50:00,Urbana,Avenida,CHACABUCO,,GRAL PAZ,,,2.0,0.0,0.0,2,0.0,Colisión entre vehículos,2,Asfalto,Apto,Seca,Día,NO,Despejado,Buena,,Camioneta/Utilitario
881,134831,2022-06-05,12:50:00,Urbana,Avenida,CHACABUCO,,GRAL PAZ,,,2.0,0.0,0.0,2,0.0,Colisión entre vehículos,2,Asfalto,Apto,Seca,Día,NO,Despejado,Buena,,Motocicleta
882,143722,2022-06-04,17:34:00,Urbana,Avenida,AV PEDRO FERRE,1700,JUJUY,,,3.0,0.0,0.0,3,0.0,Colisión entre vehículos,3,Asfalto,Apto,"Despejada, Seca",Día,NO,Despejado,Buena,Funciona,Automóvil
883,143722,2022-06-04,17:34:00,Urbana,Avenida,AV PEDRO FERRE,1700,JUJUY,,,3.0,0.0,0.0,3,0.0,Colisión entre vehículos,3,Asfalto,Apto,"Despejada, Seca",Día,NO,Despejado,Buena,Funciona,Automóvil
884,143722,2022-06-04,17:34:00,Urbana,Avenida,AV PEDRO FERRE,1700,JUJUY,,,3.0,0.0,0.0,3,0.0,Colisión entre vehículos,3,Asfalto,Apto,"Despejada, Seca",Día,NO,Despejado,Buena,Funciona,Automóvil
885,134850,2022-06-04,19:50:00,Urbana,Calle,SAN JUAN,1300,MARIANO MORENO,,,2.0,0.0,0.0,2,0.0,Colisión entre vehículos,2,Asfalto,Apto,Seca,Día,NO,Despejado,Buena,Sin Semáforo,Camioneta/Utilitario
886,134850,2022-06-04,19:50:00,Urbana,Calle,SAN JUAN,1300,MARIANO MORENO,,,2.0,0.0,0.0,2,0.0,Colisión entre vehículos,2,Asfalto,Apto,Seca,Día,NO,Despejado,Buena,Sin Semáforo,Motocicleta
887,157806,2022-06-04,9:15:00,Urbana,,HÉROES CIVILES,,LAMADRID,-2.748.148,-5.883.980,6.0,1.0,0.0,2,0.0,Colisión entre vehículos,2,Asfalto,Apto,"Despejada, Seca",Día,NO,Despejado,Buena,Sin Semáforo,Automóvil
888,157806,2022-06-04,9:15:00,Urbana,,HÉROES CIVILES,,LAMADRID,-2.748.148,-5.883.980,6.0,1.0,0.0,2,0.0,Colisión entre vehículos,2,Asfalto,Apto,"Despejada, Seca",Día,NO,Despejado,Buena,Sin Semáforo,Automóvil
889,169847,2022-06-04,17:40:00,Urbana,Avenida,AVENIDA RAÚL ALFONSÍN,4400,,-2.747.517,-5.879.690,1.0,1.0,0.0,2,0.0,Colisión entre vehículos,2,Asfalto,Apto,Seca,Día,NO,Despejado,Buena,Funciona,Motocicleta
890,169847,2022-06-04,17:40:00,Urbana,Avenida,AVENIDA RAÚL ALFONSÍN,4400,,-2.747.517,-5.879.690,1.0,1.0,0.0,2,0.0,Colisión entre vehículos,2,Asfalto,Apto,Seca,Día,NO,Despejado,Buena,Funciona,Automóvil
891,134865,2022-06-04,9:37:00,Urbana,Calle,COLOMBIA,,ESTADO DE ISRAEL,,,2.0,0.0,0.0,2,0.0,Colisión entre vehículos,2,Asfalto,Apto,Seca,Día,NO,Despejado,Buena,,Automóvil
892,134865,2022-06-04,9:37:00,Urbana,Calle,COLOMBIA,,ESTADO DE ISRAEL,,,2.0,0.0,0.0,2,0.0,Colisión entre vehículos,2,Asfalto,Apto,Seca,Día,NO,Despejado,Buena,,Motocicleta
893,135582,2022-06-03,17:49:00,Urbana,Calle,ESPAÑA,1538,MORENO,-2.747.388,-5.882.985,1.0,1.0,0.0,2,0.0,Colisión entre vehículos,2,Asfalto,Apto,Seca,Día,NO,Despejado,Buena,Sin Semáforo,Automóvil
894,135582,2022-06-03,17:49:00,Urbana,Calle,ESPAÑA,1538,MORENO,-2.747.388,-5.882.985,1.0,1.0,0.0,2,0.0,Colisión entre vehículos,2,Asfalto,Apto,Seca,Día,NO,Despejado,Buena,Sin Semáforo,Motocicleta
895,145741,2022-06-03,11:00:00,Urbana,Calle,BUENOS AIRES,1400,,,,1.0,1.0,0.0,2,0.0,Colisión entre vehículos,2,Asfalto,Apto,Seca,Día,NO,Despejado,Buena,Sin Semáforo,Automóvil
896,145741,2022-06-03,11:00:00,Urbana,Calle,BUENOS AIRES,1400,,,,1.0,1.0,0.0,2,0.0,Colisión entre vehículos,2,Asfalto,Apto,Seca,Día,NO,Despejado,Buena,Sin Semáforo,Bicicleta
897,158373,2022-06-03,18:50:00,Urbana,Avenida,AVDA. MAIPÚ,3255,TILCARA,,,3.0,2.0,0.0,3,0.0,Colisión entre vehículos,3,Asfalto,Apto,Seca,Noche,NO,Despejado,,,Motocicleta
898,158373,2022-06-03,18:50:00,Urbana,Avenida,AVDA. MAIPÚ,3255,TILCARA,,,3.0,2.0,0.0,3,0.0,Colisión entre vehículos,3,Asfalto,Apto,Seca,Noche,NO,Despejado,,,Motocicleta
899,158373,2022-06-03,18:50:00,Urbana,Avenida,AVDA. MAIPÚ,3255,TILCARA,,,3.0,2.0,0.0,3,0.0,Colisión entre vehículos,3,Asfalto,Apto,Seca,Noche,NO,Despejado,,,Motocicleta
900,169846,2022-06-03,17:15:00,Urbana,Avenida,AVENIDA CAZADORES CORRENTINOS,4100,,-2.748.729,-5.880.224,1.0,1.0,0.0,2,0.0,Colisión entre vehículos,2,Asfalto,Apto,Seca,Día,NO,Despejado,Buena,,Motocicleta
901,169846,2022-06-03,17:15:00,Urbana,Avenida,AVENIDA CAZADORES CORRENTINOS,4100,,-2.748.729,-5.880.224,1.0,1.0,0.0,2,0.0,Colisión entre vehículos,2,Asfalto,Apto,Seca,Día,NO,Despejado,Buena,,Automóvil
902,151208,2022-06-02,14:10:00,Urbana,Avenida,AV 3 DE ABRIL,836,BUENOS AIRES,-2.747.498,-5.884.116,0.0,1.0,0.0,1,0.0,Choque,1,Asfalto,Apto,Seca,Día,NO,Despejado,Buena,Funciona,Automóvil
903,143758,2022-06-02,14:05:00,Urbana,Calle,SAN LORENZO,1400,JUNIN,,,2.0,0.0,0.0,2,0.0,Colisión entre vehículos,2,Asfalto,Apto,,Día,NO,Despejado,Buena,Funciona,Automóvil
904,143758,2022-06-02,14:05:00,Urbana,Calle,SAN LORENZO,1400,JUNIN,,,2.0,0.0,0.0,2,0.0,Colisión entre vehículos,2,Asfalto,Apto,,Día,NO,Despejado,Buena,Funciona,Motocicleta
905,134089,2022-06-02,15:30:00,Urbana,Calle,MORENO,,JUJUY,,,1.0,2.0,0.0,2,0.0,Colisión entre vehículos,2,Asfalto,Apto,,Día,NO,Despejado,Buena,,Automóvil
906,134089,2022-06-02,15:30:00,Urbana,Calle,MORENO,,JUJUY,,,1.0,2.0,0.0,2,0.0,Colisión entre vehículos,2,Asfalto,Apto,,Día,NO,Despejado,Buena,,Motocicleta
907,152964,2022-06-02,20:30:00,Urbana,Avenida,AV CENTENARIO,3000,,,,3.0,0.0,0.0,3,0.0,Colisión entre vehículos,3,Asfalto,Apto,"Despejada, Seca",Día,SI,Despejado,Buena,Funciona,Automóvil
908,152964,2022-06-02,20:30:00,Urbana,Avenida,AV CENTENARIO,3000,,,,3.0,0.0,0.0,3,0.0,Colisión entre vehículos,3,Asfalto,Apto,"Despejada, Seca",Día,SI,Despejado,Buena,Funciona,Automóvil
909,152964,2022-06-02,20:30:00,Urbana,Avenida,AV CENTENARIO,3000,,,,3.0,0.0,0.0,3,0.0,Colisión entre vehículos,3,Asfalto,Apto,"Despejada, Seca",Día,SI,Despejado,Buena,Funciona,Automóvil
910,156560,2022-05-31,10:20:00,Urbana,Calle,J. M. ROLON,2400,VELEZ SARSFIELD,-2.746.165,-5.881.921,2.0,0.0,0.0,2,0.0,Colisión entre vehículos,2,Asfalto,Apto,"Despejada, Seca",Día,NO,Despejado,Buena,Sin Semáforo,Transporte de carga
911,156560,2022-05-31,10:20:00,Urbana,Calle,J. M. ROLON,2400,VELEZ SARSFIELD,-2.746.165,-5.881.921,2.0,0.0,0.0,2,0.0,Colisión entre vehículos,2,Asfalto,Apto,"Despejada, Seca",Día,NO,Despejado,Buena,Sin Semáforo,Automóvil
912,163587,2022-05-31,6:20:00,Urbana,Ruta Provincial,5,"0,4",,,,1.0,0.0,0.0,1,0.0,Vuelco (solo 1 participante),1,Asfalto,Apto,"Despejada, Seca",Amanecer,SI,Nublado,Buena,Sin Semáforo,Automóvil
913,174825,2022-05-30,16:45:00,Urbana,Avenida,AVENIDA CHACABUCO,3000,MADARIAGA,-2.748.513,-5.881.597,2.0,0.0,0.0,2,0.0,Colisión entre vehículos,2,Asfalto,Apto,Seca,Día,,Despejado,,Sin Semáforo,Automóvil
914,174825,2022-05-30,16:45:00,Urbana,Avenida,AVENIDA CHACABUCO,3000,MADARIAGA,-2.748.513,-5.881.597,2.0,0.0,0.0,2,0.0,Colisión entre vehículos,2,Asfalto,Apto,Seca,Día,,Despejado,,Sin Semáforo,Motocicleta
915,139940,2022-05-30,14:38:00,Urbana,Avenida,AV PUJOL,2700,COLOMBIA,,,2.0,1.0,0.0,2,0.0,Colisión entre vehículos,2,Asfalto,Apto,Seca,Día,NO,Despejado,Buena,Sin Semáforo,Motocicleta
916,139940,2022-05-30,14:38:00,Urbana,Avenida,AV PUJOL,2700,COLOMBIA,,,2.0,1.0,0.0,2,0.0,Colisión entre vehículos,2,Asfalto,Apto,Seca,Día,NO,Despejado,Buena,Sin Semáforo,Motocicleta
917,161493,2022-05-30,9:11:00,Urbana,Avenida,AVDA. J.G. PUJOL,900,JUNÍN,-2.746.915,-5.881.955,1.0,1.0,0.0,2,0.0,Colisión entre vehículos,2,Asfalto,Apto,Despejada,Día,NO,Despejado,Buena,Sin Semáforo,Automóvil
918,161493,2022-05-30,9:11:00,Urbana,Avenida,AVDA. J.G. PUJOL,900,JUNÍN,-2.746.915,-5.881.955,1.0,1.0,0.0,2,0.0,Colisión entre vehículos,2,Asfalto,Apto,Despejada,Día,NO,Despejado,Buena,Sin Semáforo,Motocicleta
919,161495,2022-05-29,13:05:00,Urbana,Calle,GUTEMBERG,1650,ISLAS MALVINAS,-2.748.180,-5.883.206,1.0,1.0,0.0,2,0.0,Colisión entre vehículos,2,Asfalto,Apto,"Despejada, Seca",Día,NO,Despejado,Buena,,Automóvil
920,161495,2022-05-29,13:05:00,Urbana,Calle,GUTEMBERG,1650,ISLAS MALVINAS,-2.748.180,-5.883.206,1.0,1.0,0.0,2,0.0,Colisión entre vehículos,2,Asfalto,Apto,"Despejada, Seca",Día,NO,Despejado,Buena,,Motocicleta
921,134049,2022-05-28,7:33:00,Urbana,Calle,9 DE julio,,BUENOS AIRES,-2.746.618,-5.884.047,1.0,1.0,0.0,2,0.0,Colisión entre vehículos,2,Asfalto,Apto,Seca,Día,NO,Despejado,Buena,Sin Semáforo,Motocicleta
922,134049,2022-05-28,7:33:00,Urbana,Calle,9 DE julio,,BUENOS AIRES,-2.746.618,-5.884.047,1.0,1.0,0.0,2,0.0,Colisión entre vehículos,2,Asfalto,Apto,Seca,Día,NO,Despejado,Buena,Sin Semáforo,Transporte de pasajeros
923,165422,2022-05-28,14:25:00,Urbana,Calle,SIMÓN BOLÍVAR,2500,ITUZAINGÓ,,,2.0,0.0,0.0,2,0.0,Colisión entre vehículos,2,Asfalto,Apto,Seca,Día,SI,Nublado,Buena,Sin Semáforo,Automóvil
924,165422,2022-05-28,14:25:00,Urbana,Calle,SIMÓN BOLÍVAR,2500,ITUZAINGÓ,,,2.0,0.0,0.0,2,0.0,Colisión entre vehículos,2,Asfalto,Apto,Seca,Día,SI,Nublado,Buena,Sin Semáforo,Motocicleta
925,157725,2022-05-27,11:15:00,Urbana,Avenida,AV PEDRO FERRE,2880,,,,5.0,0.0,0.0,3,0.0,Colisión entre vehículos,3,Asfalto,Apto,"Despejada, Seca",Día,NO,Despejado,Buena,Funciona,Automóvil
926,157725,2022-05-27,11:15:00,Urbana,Avenida,AV PEDRO FERRE,2880,,,,5.0,0.0,0.0,3,0.0,Colisión entre vehículos,3,Asfalto,Apto,"Despejada, Seca",Día,NO,Despejado,Buena,Funciona,Automóvil
927,157725,2022-05-27,11:15:00,Urbana,Avenida,AV PEDRO FERRE,2880,,,,5.0,0.0,0.0,3,0.0,Colisión entre vehículos,3,Asfalto,Apto,"Despejada, Seca",Día,NO,Despejado,Buena,Funciona,Automóvil
928,163575,2022-05-27,10:00:00,Urbana,Avenida,MEDRANO,3500,FRENTE JARDIN BOTANICO,-2.749.963,-5.879.831,1.0,1.0,0.0,2,0.0,Colisión entre vehículos,2,Hormigón,Apto,Seca,Día,NO,Despejado,Buena,Sin Semáforo,Automóvil
929,163575,2022-05-27,10:00:00,Urbana,Avenida,MEDRANO,3500,FRENTE JARDIN BOTANICO,-2.749.963,-5.879.831,1.0,1.0,0.0,2,0.0,Colisión entre vehículos,2,Hormigón,Apto,Seca,Día,NO,Despejado,Buena,Sin Semáforo,Motocicleta
930,164589,2022-05-27,8:32:00,Urbana,Avenida,AV CHACABUCO,2100,,,,2.0,0.0,0.0,2,0.0,Colisión entre vehículos,2,Asfalto,Apto,"Despejada, Seca",Día,NO,Despejado,Buena,Sin Semáforo,Transporte de carga
931,164589,2022-05-27,8:32:00,Urbana,Avenida,AV CHACABUCO,2100,,,,2.0,0.0,0.0,2,0.0,Colisión entre vehículos,2,Asfalto,Apto,"Despejada, Seca",Día,NO,Despejado,Buena,Sin Semáforo,Transporte de pasajeros
932,134048,2022-05-25,16:35:00,Urbana,Calle,DARDO ROCHA,200,REMEDIOS DE ESCALADA,,,1.0,0.0,0.0,2,0.0,Colisión entre vehículos,2,Asfalto,Apto,Seca,Día,NO,Despejado,Buena,,Automóvil
933,134048,2022-05-25,16:35:00,Urbana,Calle,DARDO ROCHA,200,REMEDIOS DE ESCALADA,,,1.0,0.0,0.0,2,0.0,Colisión entre vehículos,2,Asfalto,Apto,Seca,Día,NO,Despejado,Buena,,Motocicleta
934,132632,2022-05-24,16:37:00,Urbana,Avenida,BUENOS AIRES,,AV. 3 DE ABRIL,,,2.0,0.0,0.0,2,0.0,Colisión entre vehículos,2,Hormigón,Apto,Seca,Día,NO,Despejado,Buena,Funciona,Automóvil
935,132632,2022-05-24,16:37:00,Urbana,Avenida,BUENOS AIRES,,AV. 3 DE ABRIL,,,2.0,0.0,0.0,2,0.0,Colisión entre vehículos,2,Hormigón,Apto,Seca,Día,NO,Despejado,Buena,Funciona,Camioneta/Utilitario
936,139237,2022-05-23,12:30:00,Urbana,Calle,SANTA FE,1200,BOLIVAR,,,1.0,1.0,0.0,2,0.0,Colisión entre vehículos,2,Asfalto,Apto,Seca,Día,NO,Despejado,Buena,Funciona,Motocicleta
937,139237,2022-05-23,12:30:00,Urbana,Calle,SANTA FE,1200,BOLIVAR,,,1.0,1.0,0.0,2,0.0,Colisión entre vehículos,2,Asfalto,Apto,Seca,Día,NO,Despejado,Buena,Funciona,Transporte de pasajeros
938,151225,2022-05-23,11:40:00,Urbana,,SAN FRANCISCO DE ASIS,,YUGOSLAVIA,,,1.0,2.0,0.0,2,0.0,Colisión entre vehículos,2,Asfalto,Apto,Seca,Día,NO,Despejado,Buena,Sin Semáforo,Motocicleta
939,151225,2022-05-23,11:40:00,Urbana,,SAN FRANCISCO DE ASIS,,YUGOSLAVIA,,,1.0,2.0,0.0,2,0.0,Colisión entre vehículos,2,Asfalto,Apto,Seca,Día,NO,Despejado,Buena,Sin Semáforo,Motocicleta
940,152974,2022-05-23,11:45:00,Urbana,Avenida,AV. TTE IBAÑEZ,,CORDOBA (LISANDRO SEGOVIA),,,1.0,1.0,0.0,2,0.0,Colisión entre vehículos,2,Asfalto,Apto,Seca,Día,,Despejado,,Sin Semáforo,Automóvil
941,152974,2022-05-23,11:45:00,Urbana,Avenida,AV. TTE IBAÑEZ,,CORDOBA (LISANDRO SEGOVIA),,,1.0,1.0,0.0,2,0.0,Colisión entre vehículos,2,Asfalto,Apto,Seca,Día,,Despejado,,Sin Semáforo,Motocicleta
942,151194,2022-05-22,11:24:00,Urbana,Avenida,ROTONDA OESTE,,AV.INDEPENDENCIA,,,2.0,0.0,0.0,2,0.0,Colisión entre vehículos,2,Asfalto,Apto,Seca,Día,NO,Despejado,Buena,Sin Semáforo,Automóvil
943,151194,2022-05-22,11:24:00,Urbana,Avenida,ROTONDA OESTE,,AV.INDEPENDENCIA,,,2.0,0.0,0.0,2,0.0,Colisión entre vehículos,2,Asfalto,Apto,Seca,Día,NO,Despejado,Buena,Sin Semáforo,Transporte de carga
944,153890,2022-05-21,11:10:00,Urbana,Avenida,AV. INDEPENDENCIA,3900,,,,1.0,1.0,0.0,2,0.0,Colisión entre vehículos,2,Asfalto,Apto,Seca,Día,NO,Despejado,Buena,,Motocicleta
945,153890,2022-05-21,11:10:00,Urbana,Avenida,AV. INDEPENDENCIA,3900,,,,1.0,1.0,0.0,2,0.0,Colisión entre vehículos,2,Asfalto,Apto,Seca,Día,NO,Despejado,Buena,,Camioneta/Utilitario
946,161497,2022-05-21,15:45:00,Urbana,Avenida,AVDA. COSTANERA GRAL. SAN MARTÍN,400,,-2.746.584,-5.884.837,0.0,1.0,0.0,1,0.0,Caída desde vehículo,1,Asfalto,Apto,Seca,Día,NO,Despejado,Buena,,Motocicleta
947,141875,2022-05-21,13:02:00,Urbana,Calle,GENERAL PAZ,,SAN LOPRENZO,,,1.0,2.0,0.0,2,0.0,Colisión entre vehículos,2,Asfalto,Apto,Seca,Día,NO,Despejado,Buena,Sin Semáforo,Automóvil
948,141875,2022-05-21,13:02:00,Urbana,Calle,GENERAL PAZ,,SAN LOPRENZO,,,1.0,2.0,0.0,2,0.0,Colisión entre vehículos,2,Asfalto,Apto,Seca,Día,NO,Despejado,Buena,Sin Semáforo,Motocicleta
949,139972,2022-05-20,22:15:00,Urbana,Avenida,AV MAIPU (FRENTE A CHANGO MAS),2803,,,,1.0,1.0,0.0,1,0.0,Caída desde vehículo,1,Asfalto,Apto,Seca,Noche,SI,Despejado,Buena,Sin Semáforo,Motocicleta
950,161553,2022-05-20,12:40:00,Urbana,Avenida,AV MAIPU,3091,,,,0.0,3.0,0.0,2,0.0,Colisión entre vehículos,2,Asfalto,Apto,Seca,Día,NO,Nublado,Buena,Sin Semáforo,Motocicleta
951,161553,2022-05-20,12:40:00,Urbana,Avenida,AV MAIPU,3091,,,,0.0,3.0,0.0,2,0.0,Colisión entre vehículos,2,Asfalto,Apto,Seca,Día,NO,Nublado,Buena,Sin Semáforo,Motocicleta
952,140971,2022-05-20,8:30:00,Urbana,Avenida,AV. LA PAZ,,AV. MAIPU,,,2.0,0.0,0.0,2,0.0,Colisión entre vehículos,2,Asfalto,Apto,Seca,Día,NO,Despejado,Buena,Sin Semáforo,Automóvil
953,140971,2022-05-20,8:30:00,Urbana,Avenida,AV. LA PAZ,,AV. MAIPU,,,2.0,0.0,0.0,2,0.0,Colisión entre vehículos,2,Asfalto,Apto,Seca,Día,NO,Despejado,Buena,Sin Semáforo,Camioneta/Utilitario
954,153809,2022-05-19,9:15:00,Urbana,Calle,25 DE mayo,1500,SAN LORENZO,,,2.0,0.0,0.0,2,0.0,Colisión entre vehículos,2,Asfalto,Apto,"Despejada, Seca",Día,NO,Despejado,Buena,Sin Semáforo,Automóvil