,id_feu,siniestro_fecha,siniestro_hora,zona_ocurrencia,via_publica,nombre_via,altura_km,entre_calle_1,latitud,longitud,ilesos,heridos,fallecidos,vehiculos,peatones,tipo_siniestro_unico,cantidad_de_involucrados,material_de_la_calzada,estado_de_la_calzada,estado_fisico_ambiental,luminosidad,luz_artificial,estado_ambiental,visibilidad,semaforo,tipo_involucrado
955,153809,2022-05-19,9:15:00,Urbana,Calle,25 DE mayo,1500,SAN LORENZO,,,2.0,0.0,0.0,2,0.0,Colisión entre vehículos,2,Asfalto,Apto,"Despejada, Seca",Día,NO,Despejado,Buena,Sin Semáforo,Motocicleta
956,167742,2022-05-18,10:38:00,Urbana,Avenida,AVENIDA PEDRO FERRÉ,2500,iTUZAINGÓ,-2.747.768,-5.882.043,1.0,2.0,0.0,3,0.0,Colisión entre vehículos,3,Asfalto,Apto,,Día,NO,Despejado,Buena,Sin Semáforo,Automóvil
957,167742,2022-05-18,10:38:00,Urbana,Avenida,AVENIDA PEDRO FERRÉ,2500,iTUZAINGÓ,-2.747.768,-5.882.043,1.0,2.0,0.0,3,0.0,Colisión entre vehículos,3,Asfalto,Apto,,Día,NO,Despejado,Buena,Sin Semáforo,Motocicleta
958,167742,2022-05-18,10:38:00,Urbana,Avenida,AVENIDA PEDRO FERRÉ,2500,iTUZAINGÓ,-2.747.768,-5.882.043,1.0,2.0,0.0,3,0.0,Colisión entre vehículos,3,Asfalto,Apto,,Día,NO,Despejado,Buena,Sin Semáforo,Bicicleta
959,157803,2022-05-18,19:11:00,Urbana,,CARLOS PELLEGRINI,,JUJUY,-2.746.614,-5.882.769,2.0,,,2,,Colisión entre vehículos,2,Asfalto,Apto,Seca,Noche,SI,Despejado,Buena,,Automóvil
960,157803,2022-05-18,19:11:00,Urbana,,CARLOS PELLEGRINI,,JUJUY,-2.746.614,-5.882.769,2.0,,,2,,Colisión entre vehículos,2,Asfalto,Apto,Seca,Noche,SI,Despejado,Buena,,Automóvil
961,168420,2022-05-17,17:00:00,Urbana,Calle,SUIZA,1400,RECONQUISTA,-2.747.568,-5.881.273,1.0,2.0,0.0,2,0.0,Colisión entre vehículos,2,Hormigón,Apto,Despejada,Día,NO,Despejado,Buena,Sin Semáforo,Automóvil
962,168420,2022-05-17,17:00:00,Urbana,Calle,SUIZA,1400,RECONQUISTA,-2.747.568,-5.881.273,1.0,2.0,0.0,2,0.0,Colisión entre vehículos,2,Hormigón,Apto,Despejada,Día,NO,Despejado,Buena,Sin Semáforo,Motocicleta
963,147088,2022-05-16,10:59:00,Urbana,Avenida,REPUBLICA EL LIBANO,,SARMIENTO,,,2.0,0.0,0.0,2,0.0,Colisión entre vehículos,2,Asfalto,Apto,Seca,Día,NO,Despejado,Buena,Sin Semáforo,Automóvil
964,147088,2022-05-16,10:59:00,Urbana,Avenida,REPUBLICA EL LIBANO,,SARMIENTO,,,2.0,0.0,0.0,2,0.0,Colisión entre vehículos,2,Asfalto,Apto,Seca,Día,NO,Despejado,Buena,Sin Semáforo,Automóvil
965,156557,2022-05-16,22:30:00,Urbana,Avenida,AV CENTENARIO,4000,,-2.747.365,-5.880.263,2.0,1.0,0.0,2,0.0,Colisión entre vehículos,2,Asfalto,Apto,"Despejada, Seca",Noche,SI,Despejado,Buena,Sin Semáforo,Automóvil
966,156557,2022-05-16,22:30:00,Urbana,Avenida,AV CENTENARIO,4000,,-2.747.365,-5.880.263,2.0,1.0,0.0,2,0.0,Colisión entre vehículos,2,Asfalto,Apto,"Despejada, Seca",Noche,SI,Despejado,Buena,Sin Semáforo,Motocicleta
967,152967,2022-05-16,6:10:00,Urbana,Avenida,ROTONDA PUJOL,2100,,,,0.0,1.0,0.0,1,0.0,Caída desde vehículo,1,Asfalto,Apto,"Despejada, Seca",Día,SI,Nublado,Buena,Sin Semáforo,Motocicleta
968,157808,2022-05-15,19:00:00,,Ruta Nacional,12,,FRENTE AL AEROPUERTO,-2.745.185,-5.875.548,2.0,0.0,0.0,2,0.0,Colisión entre vehículos,2,,Apto,Seca,Noche,SI,Despejado,Buena,Sin Semáforo,Automóvil
969,157808,2022-05-15,19:00:00,,Ruta Nacional,12,,FRENTE AL AEROPUERTO,-2.745.185,-5.875.548,2.0,0.0,0.0,2,0.0,Colisión entre vehículos,2,,Apto,Seca,Noche,SI,Despejado,Buena,Sin Semáforo,Camioneta/Utilitario
970,164620,2022-05-14,10:15:00,Urbana,Calle,MARIANO MORENO,1500,SAN LORENZO,-2.747.363,-5.883.240,2.0,0.0,0.0,2,0.0,,2,Asfalto,Apto,"Despejada, Seca",Día,NO,Despejado,Buena,,Motocicleta
971,164620,2022-05-14,10:15:00,Urbana,Calle,MARIANO MORENO,1500,SAN LORENZO,-2.747.363,-5.883.240,2.0,0.0,0.0,2,0.0,,2,Asfalto,Apto,"Despejada, Seca",Día,NO,Despejado,Buena,,Camioneta/Utilitario
972,152942,2022-05-14,7:30:00,Urbana,Avenida,AV IV CENTENARIO,2758,AV COLON,-2.748.918,-5.883.813,1.0,1.0,0.0,1,0.0,Choque,1,Asfalto,Apto,Seca,Día,NO,Nublado,Buena,Funciona,Automóvil
973,148186,2022-05-12,12:56:00,Urbana,,CAZADORES,,GAZCON,,,1.0,1.0,0.0,2,0.0,Colisión entre vehículos,2,Asfalto,Apto,Seca,Día,NO,Despejado,Buena,Sin Semáforo,Automóvil
974,148186,2022-05-12,12:56:00,Urbana,,CAZADORES,,GAZCON,,,1.0,1.0,0.0,2,0.0,Colisión entre vehículos,2,Asfalto,Apto,Seca,Día,NO,Despejado,Buena,Sin Semáforo,Bicicleta
975,152944,2022-05-11,10:40:00,Urbana,Calle,AV PATAGONIA,3500,AV PAYSANDU,-2.749.259,-5.882.438,1.0,0.0,0.0,1,0.0,Colisión entre vehículos,1,Asfalto,Apto,Seca,Día,NO,Nublado,Buena,Sin Semáforo,Automóvil
976,137590,2022-05-11,11:20:00,Urbana,Calle,ESPAÑA,,3 DE abril,,,3.0,0.0,0.0,2,0.0,Colisión entre vehículos,2,Asfalto,Apto,Seca,Día,NO,Despejado,Buena,,Automóvil
977,137590,2022-05-11,11:20:00,Urbana,Calle,ESPAÑA,,3 DE abril,,,3.0,0.0,0.0,2,0.0,Colisión entre vehículos,2,Asfalto,Apto,Seca,Día,NO,Despejado,Buena,,Motocicleta
978,175461,2022-05-10,9:35:00,Urbana,Calle,ESPAÑA,700,QUINTANA,,,1.0,1.0,0.0,2,0.0,Colisión entre vehículos,2,S/D,Apto,Seca,Día,,Despejado,,S/D,Automóvil
979,175461,2022-05-10,9:35:00,Urbana,Calle,ESPAÑA,700,QUINTANA,,,1.0,1.0,0.0,2,0.0,Colisión entre vehículos,2,S/D,Apto,Seca,Día,,Despejado,,S/D,Motocicleta
980,162785,2022-05-09,6:20:00,Urbana,Avenida,AVDA. MAIPÚ,6000,MOCORETÁ,-2.751.322,-5.880.808,2.0,0.0,0.0,2,0.0,Colisión entre vehículos,2,Asfalto,Apto,"Despejada, Seca",Noche,SI,Despejado,Buena,Sin Semáforo,Camioneta/Utilitario
981,162785,2022-05-09,6:20:00,Urbana,Avenida,AVDA. MAIPÚ,6000,MOCORETÁ,-2.751.322,-5.880.808,2.0,0.0,0.0,2,0.0,Colisión entre vehículos,2,Asfalto,Apto,"Despejada, Seca",Noche,SI,Despejado,Buena,Sin Semáforo,Transporte de pasajeros
982,171739,2022-05-09,13:20:00,Urbana,Avenida,AVDA. MONTECARLO,4600,SAN FRANCISCO DE ASIS,-2.749.403,-5.879.625,1.0,1.0,0.0,2,0.0,Colisión entre vehículos,2,Asfalto,Apto,"Despejada, Seca",Día,SI,Despejado,Buena,Sin Semáforo,Automóvil
983,171739,2022-05-09,13:20:00,Urbana,Avenida,AVDA. MONTECARLO,4600,SAN FRANCISCO DE ASIS,-2.749.403,-5.879.625,1.0,1.0,0.0,2,0.0,Colisión entre vehículos,2,Asfalto,Apto,"Despejada, Seca",Día,SI,Despejado,Buena,Sin Semáforo,Motocicleta
984,175471,2022-05-09,12:46:00,Urbana,Avenida,AVENIDA AYACUCHO,3200,,,,3.0,0.0,0.0,3,0.0,Colisión entre vehículos,3,Asfalto,Apto,Seca,Día,,Despejado,,Funciona,Automóvil
985,175471,2022-05-09,12:46:00,Urbana,Avenida,AVENIDA AYACUCHO,3200,,,,3.0,0.0,0.0,3,0.0,Colisión entre vehículos,3,Asfalto,Apto,Seca,Día,,Despejado,,Funciona,Automóvil
986,175471,2022-05-09,12:46:00,Urbana,Avenida,AVENIDA AYACUCHO,3200,,,,3.0,0.0,0.0,3,0.0,Colisión entre vehículos,3,Asfalto,Apto,Seca,Día,,Despejado,,Funciona,Automóvil
987,139968,2022-05-09,12:23:00,Urbana,Calle,SANTA FE,1400,MORENO,,,1.0,1.0,0.0,2,0.0,Colisión entre vehículos,2,Asfalto,Apto,Seca,Día,NO,Despejado,Buena,Funciona,Automóvil
988,139968,2022-05-09,12:23:00,Urbana,Calle,SANTA FE,1400,MORENO,,,1.0,1.0,0.0,2,0.0,Colisión entre vehículos,2,Asfalto,Apto,Seca,Día,NO,Despejado,Buena,Funciona,Motocicleta
989,156524,2022-05-09,16:35:00,Urbana,Calle,NEUQUEN,1000,,,,1.0,1.0,0.0,2,0.0,Colisión entre vehículos,2,Ripio,Apto,Seca,Día,NO,Despejado,Buena,Sin Semáforo,Automóvil
990,156524,2022-05-09,16:35:00,Urbana,Calle,NEUQUEN,1000,,,,1.0,1.0,0.0,2,0.0,Colisión entre vehículos,2,Ripio,Apto,Seca,Día,NO,Despejado,Buena,Sin Semáforo,Motocicleta
991,160651,2022-05-09,13:15:00,Urbana,Avenida,AVDA. MAIPÚ,3500,LOS MATACOS,-2.750.367,-5.881.213,0.0,1.0,0.0,1,0.0,Caída desde vehículo,1,Asfalto,,Seca,Día,SI,Despejado,Buena,,Motocicleta
992,175449,2022-05-08,20:20:00,Urbana,Avenida,AV CENTENARIO,4700,ONTIVERO,,,2.0,1.0,,3,,Colisión entre vehículos,3,Asfalto,Apto,Seca,Día,,Despejado,,S/D,Motocicleta
993,175449,2022-05-08,20:20:00,Urbana,Avenida,AV CENTENARIO,4700,ONTIVERO,,,2.0,1.0,,3,,Colisión entre vehículos,3,Asfalto,Apto,Seca,Día,,Despejado,,S/D,Automóvil
994,175449,2022-05-08,20:20:00,Urbana,Avenida,AV CENTENARIO,4700,ONTIVERO,,,2.0,1.0,,3,,Colisión entre vehículos,3,Asfalto,Apto,Seca,Día,,Despejado,,S/D,Automóvil
995,142694,2022-05-08,15:40:00,Urbana,Avenida,AV PEDRO FERRE,1800,PARAGUA,,,2.0,0.0,0.0,2,0.0,Colisión entre vehículos,2,Asfalto,Apto,"Despejada, Seca",Día,NO,Despejado,Buena,Funciona,Camioneta/Utilitario
996,142694,2022-05-08,15:40:00,Urbana,Avenida,AV PEDRO FERRE,1800,PARAGUA,,,2.0,0.0,0.0,2,0.0,Colisión entre vehículos,2,Asfalto,Apto,"Despejada, Seca",Día,NO,Despejado,Buena,Funciona,Automóvil
997,169864,2022-05-08,11:05:00,Urbana,Calle,LORETO,5000,RENACIMIENTO,,,3.0,0.0,0.0,2,0.0,Colisión entre vehículos,2,Tierra,Apto,Seca,Día,NO,Despejado,Buena,Sin Semáforo,Automóvil
998,169864,2022-05-08,11:05:00,Urbana,Calle,LORETO,5000,RENACIMIENTO,,,3.0,0.0,0.0,2,0.0,Colisión entre vehículos,2,Tierra,Apto,Seca,Día,NO,Despejado,Buena,Sin Semáforo,Automóvil
999,152056,2022-05-08,12:20:00,Urbana,,CARLOS PELLEGRINI,,SAN LUIS,,,0.0,1.0,0.0,1,0.0,Despiste,1,Asfalto,Apto,Seca,Día,NO,Despejado,Buena,Sin Semáforo,Motocicleta
1000,156559,2022-05-08,13:37:00,Urbana,Avenida,AV MAIPU,2440,,,,1.0,1.0,0.0,2,0.0,Colisión entre vehículos,2,Asfalto,Apto,"Despejada, Seca",Día,NO,Despejado,Buena,Sin Semáforo,Automóvil
1001,156559,2022-05-08,13:37:00,Urbana,Avenida,AV MAIPU,2440,,,,1.0,1.0,0.0,2,0.0,Colisión entre vehículos,2,Asfalto,Apto,"Despejada, Seca",Día,NO,Despejado,Buena,Sin Semáforo,Motocicleta
1002,139262,2022-05-07,15:59:00,Urbana,Avenida,AV LIBERTAD,5000,AV . J. R. FERNANDEZ,,,2.0,0.0,0.0,2,0.0,Colisión entre vehículos,2,Asfalto,Apto,Seca,Día,NO,Despejado,Buena,Funciona,Automóvil
1003,139262,2022-05-07,15:59:00,Urbana,Avenida,AV LIBERTAD,5000,AV . J. R. FERNANDEZ,,,2.0,0.0,0.0,2,0.0,Colisión entre vehículos,2,Asfalto,Apto,Seca,Día,NO,Despejado,Buena,Funciona,Automóvil
1004,139937,2022-05-07,18:45:00,Urbana,Avenida,AV LIBERTAD,6700,RUTA 12,,,1.0,1.0,0.0,2,0.0,Colisión entre vehículos,2,Asfalto,Apto,Seca,Día,NO,Despejado,Buena,Sin Semáforo,Automóvil
1005,139937,2022-05-07,18:45:00,Urbana,Avenida,AV LIBERTAD,6700,RUTA 12,,,1.0,1.0,0.0,2,0.0,Colisión entre vehículos,2,Asfalto,Apto,Seca,Día,NO,Despejado,Buena,Sin Semáforo,Motocicleta
1006,169849,2022-05-07,7:50:00,Urbana,Avenida,LAS HERAS,1800,FRAY JUSTO SANTA MARIA DE ORO,-2.748.250,-5.881.978,1.0,2.0,0.0,2,0.0,Colisión entre vehículos,2,Tierra,Apto,"Despejada, Seca",Día,NO,Despejado,Buena,,Motocicleta
1007,169849,2022-05-07,7:50:00,Urbana,Avenida,LAS HERAS,1800,FRAY JUSTO SANTA MARIA DE ORO,-2.748.250,-5.881.978,1.0,2.0,0.0,2,0.0,Colisión entre vehículos,2,Tierra,Apto,"Despejada, Seca",Día,NO,Despejado,Buena,,Motocicleta
1008,145170,2022-05-06,7:58:00,Urbana,Calle,25 DE mayo,,COSTANERA,,,1.0,1.0,0.0,2,0.0,Colisión entre vehículos,2,Asfalto,Apto,Seca,Día,NO,Despejado,Buena,Sin Semáforo,Automóvil
1009,145170,2022-05-06,7:58:00,Urbana,Calle,25 DE mayo,,COSTANERA,,,1.0,1.0,0.0,2,0.0,Colisión entre vehículos,2,Asfalto,Apto,Seca,Día,NO,Despejado,Buena,Sin Semáforo,Motocicleta
1010,152940,2022-05-05,16:45:00,Urbana,Avenida,AV CAZADORES CORRENTINOS,3100,SAAVEDRA,,,2.0,0.0,0.0,2,0.0,Colisión entre vehículos,2,Asfalto,Apto,"Despejada, Seca",Día,NO,Despejado,Buena,Sin Semáforo,Automóvil
1011,152940,2022-05-05,16:45:00,Urbana,Avenida,AV CAZADORES CORRENTINOS,3100,SAAVEDRA,,,2.0,0.0,0.0,2,0.0,Colisión entre vehículos,2,Asfalto,Apto,"Despejada, Seca",Día,NO,Despejado,Buena,Sin Semáforo,Camioneta/Utilitario
1012,152963,2022-05-05,10:40:00,Urbana,Calle,RIOJA,1000,RIVADAVIA,-2.747.422,-5.883.878,2.0,0.0,0.0,2,0.0,Colisión entre vehículos,2,Asfalto,Apto,Despejada,Día,NO,Despejado,Buena,Sin Semáforo,Automóvil
1013,152963,2022-05-05,10:40:00,Urbana,Calle,RIOJA,1000,RIVADAVIA,-2.747.422,-5.883.878,2.0,0.0,0.0,2,0.0,Colisión entre vehículos,2,Asfalto,Apto,Despejada,Día,NO,Despejado,Buena,Sin Semáforo,Motocicleta
1014,169848,2022-05-03,12:15:00,Rural,Ruta Nacional,12,12,ROTONDA DE LA VIRGEN DE ITATÍ,-2.748.391,-5.878.235,1.0,3.0,0.0,2,0.0,Colisión entre vehículos,2,Asfalto,Apto,Despejada,Día,NO,Despejado,Buena,Sin Semáforo,Camioneta/Utilitario
1015,169848,2022-05-03,12:15:00,Rural,Ruta Nacional,12,12,ROTONDA DE LA VIRGEN DE ITATÍ,-2.748.391,-5.878.235,1.0,3.0,0.0,2,0.0,Colisión entre vehículos,2,Asfalto,Apto,Despejada,Día,NO,Despejado,Buena,Sin Semáforo,Motocicleta
1016,142699,2022-05-03,12:29:00,Urbana,Avenida,AV INDEENDENCIA,3600,GUEMES,,,2.0,0.0,0.0,2,0.0,Colisión entre vehículos,2,Asfalto,Apto,"Despejada, Seca",Día,NO,Despejado,Buena,Funciona,Automóvil
1017,142699,2022-05-03,12:29:00,Urbana,Avenida,AV INDEENDENCIA,3600,GUEMES,,,2.0,0.0,0.0,2,0.0,Colisión entre vehículos,2,Asfalto,Apto,"Despejada, Seca",Día,NO,Despejado,Buena,Funciona,Automóvil
1018,160645,2022-05-02,14:45:00,Urbana,Calle,MEDRANO,S/D,SAN FRANCISCO DE ASÍS,,,1.0,1.0,0.0,2,0.0,Colisión entre vehículos,2,Asfalto,Apto,Seca,Día,SI,Despejado,Buena,,Automóvil
1019,160645,2022-05-02,14:45:00,Urbana,Calle,MEDRANO,S/D,SAN FRANCISCO DE ASÍS,,,1.0,1.0,0.0,2,0.0,Colisión entre vehículos,2,Asfalto,Apto,Seca,Día,SI,Despejado,Buena,,Motocicleta
1020,174618,2022-04-30,5:50:00,Urbana,Avenida,AV. MAIPU,1275,Los Alpes,,,0.0,0.0,1.0,1,0.0,Caída desde vehículo,1,Asfalto,Apto,Seca,Noche,NO,Despejado,,Sin Semáforo,Motocicleta
1021,133405,2022-04-30,19:45:00,Urbana,Calle,BONASTRE,,RIO NEGRO,,,2.0,1.0,0.0,2,0.0,Colisión entre vehículos,2,Hormigón,Apto,Seca,Atardecer,SI,Despejado,Buena,,Motocicleta
1022,133405,2022-04-30,19:45:00,Urbana,Calle,BONASTRE,,RIO NEGRO,,,2.0,1.0,0.0,2,0.0,Colisión entre vehículos,2,Hormigón,Apto,Seca,Atardecer,SI,Despejado,Buena,,Motocicleta
1023,140963,2022-04-30,5:30:00,Urbana,Ruta Provincial,5,"1, 1/2",,,,1.0,0.0,0.0,1,0.0,Colisión entre vehículos,1,Asfalto,Apto,"Despejada, Seca",Día,SI,Despejado,Buena,Sin Semáforo,Automóvil
1024,163579,2022-04-29,19:00:00,Urbana,Calle,AV ARTIGAS,1100,BOLIVAR,-2.747.270,-5.881.887,2.0,0.0,0.0,2,0.0,Colisión entre vehículos,2,Asfalto,Apto,Seca,Noche,NO,Despejado,Buena,Sin Semáforo,Automóvil
1025,163579,2022-04-29,19:00:00,Urbana,Calle,AV ARTIGAS,1100,BOLIVAR,-2.747.270,-5.881.887,2.0,0.0,0.0,2,0.0,Colisión entre vehículos,2,Asfalto,Apto,Seca,Noche,NO,Despejado,Buena,Sin Semáforo,Motocicleta
1026,164579,2022-04-29,18:00:00,Urbana,Avenida,AV CHACABUCO,1700,LAVALLE,,,1.0,1.0,0.0,2,0.0,Colisión entre vehículos,2,Asfalto,Apto,"Despejada, Seca",Día,NO,Despejado,Buena,Sin Semáforo,Transporte de pasajeros
1027,164579,2022-04-29,18:00:00,Urbana,Avenida,AV CHACABUCO,1700,LAVALLE,,,1.0,1.0,0.0,2,0.0,Colisión entre vehículos,2,Asfalto,Apto,"Despejada, Seca",Día,NO,Despejado,Buena,Sin Semáforo,Motocicleta
1028,142696,2022-04-29,14:53:00,Urbana,Avenida,PATAGONIA,1900,BONASTRE,,,0.0,1.0,0.0,1,0.0,Caída desde vehículo,1,Asfalto,Apto,"Despejada, Seca",Día,NO,Despejado,Buena,Sin Semáforo,Motocicleta
1029,160642,2022-04-28,11:35:00,Urbana,Avenida,AVDA SANTA CATALINA,3255,LOS GUARANÍES,-2.750.650,-5.882.240,1.0,1.0,0.0,2,0.0,Colisión entre vehículos,2,Asfalto,Apto,Seca,Día,NO,Despejado,Buena,Sin Semáforo,Automóvil
1030,160642,2022-04-28,11:35:00,Urbana,Avenida,AVDA SANTA CATALINA,3255,LOS GUARANÍES,-2.750.650,-5.882.240,1.0,1.0,0.0,2,0.0,Colisión entre vehículos,2,Asfalto,Apto,Seca,Día,NO,Despejado,Buena,Sin Semáforo,Motocicleta
1031,160684,2022-04-28,9:30:00,Urbana,Avenida,J. R. FERNÁNDEZ,5000,ARMENIA,-2.746.666,-5.878.993,2.0,0.0,0.0,2,0.0,Colisión entre vehículos,2,Asfalto,Apto,Seca,Día,NO,Despejado,Buena,,Automóvil
1032,160684,2022-04-28,9:30:00,Urbana,Avenida,J. R. FERNÁNDEZ,5000,ARMENIA,-2.746.666,-5.878.993,2.0,0.0,0.0,2,0.0,Colisión entre vehículos,2,Asfalto,Apto,Seca,Día,NO,Despejado,Buena,,Camioneta/Utilitario
1033,158362,2022-04-28,8:10:00,Urbana,Calle,SÁNCHEZ DE BUSTAMANTE,2300,,,,1.0,2.0,0.0,2,0.0,Colisión entre vehículos,2,Asfalto,Apto,Seca,Día,NO,Despejado,Buena,,Motocicleta
1034,158362,2022-04-28,8:10:00,Urbana,Calle,SÁNCHEZ DE BUSTAMANTE,2300,,,,1.0,2.0,0.0,2,0.0,Colisión entre vehículos,2,Asfalto,Apto,Seca,Día,NO,Despejado,Buena,,Camioneta/Utilitario
1035,142757,2022-04-28,22:30:00,Urbana,Avenida,CAZADORES CORRENTINOS,3365,,,,1.0,0.0,0.0,2,0.0,Choque,2,Hormigón,Apto,"Despejada, Seca",Noche,SI,Nublado,,Sin Semáforo,Automóvil
1036,142757,2022-04-28,22:30:00,Urbana,Avenida,CAZADORES CORRENTINOS,3365,,,,1.0,0.0,0.0,2,0.0,Choque,2,Hormigón,Apto,"Despejada, Seca",Noche,SI,Nublado,,Sin Semáforo,Motocicleta
1037,139942,2022-04-27,10:54:00,Urbana,Avenida,AV INDEPENDENCIA,3600,TACUARI,,,2.0,1.0,0.0,3,0.0,Colisión entre vehículos,3,Asfalto,Apto,Seca,Día,NO,Despejado,Buena,Funciona,Automóvil
1038,139942,2022-04-27,10:54:00,Urbana,Avenida,AV INDEPENDENCIA,3600,TACUARI,,,2.0,1.0,0.0,3,0.0,Colisión entre vehículos,3,Asfalto,Apto,Seca,Día,NO,Despejado,Buena,Funciona,Motocicleta
1039,139942,2022-04-27,10:54:00,Urbana,Avenida,AV INDEPENDENCIA,3600,TACUARI,,,2.0,1.0,0.0,3,0.0,Colisión entre vehículos,3,Asfalto,Apto,Seca,Día,NO,Despejado,Buena,Funciona,Motocicleta
1040,169866,2022-04-26,23:15:00,Urbana,Avenida,AVENIDA PAISANDU,2254,COSQUÍN,-2.749.474,-5.882.471,2.0,1.0,0.0,2,0.0,Colisión entre vehículos,2,Asfalto,Apto,Seca,Noche,SI,Despejado,Buena,Sin Semáforo,Automóvil
1041,169866,2022-04-26,23:15:00,Urbana,Avenida,AVENIDA PAISANDU,2254,COSQUÍN,-2.749.474,-5.882.471,2.0,1.0,0.0,2,0.0,Colisión entre vehículos,2,Asfalto,Apto,Seca,Noche,SI,Despejado,Buena,Sin Semáforo,Motocicleta
1042,135576,2022-04-25,6:45:00,Urbana,Calle,PARAGUAY,1900,,,,1.0,0.0,0.0,1,0.0,Caída desde vehículo,1,Asfalto,Apto,Seca,Día,NO,Despejado,Buena,,Motocicleta
1043,137581,2022-04-25,8:30:00,Urbana,Calle,SAN LUIS,1200,BOLIVAR,,,1.0,2.0,0.0,2,0.0,Colisión entre vehículos,2,Asfalto,Apto,Seca,Día,NO,Despejado,Buena,Sin Semáforo,Automóvil
1044,137581,2022-04-25,8:30:00,Urbana,Calle,SAN LUIS,1200,BOLIVAR,,,1.0,2.0,0.0,2,0.0,Colisión entre vehículos,2,Asfalto,Apto,Seca,Día,NO,Despejado,Buena,Sin Semáforo,Motocicleta
1045,142753,2022-04-25,15:30:00,Urbana,Ruta Nacional,12,1035,FRENTE AL AEROPUERTO,,,2.0,0.0,0.0,2,0.0,Colisión entre vehículos,2,Asfalto,Apto,"Despejada, Seca",Día,SI,Despejado,Buena,Sin Semáforo,Automóvil
1046,142753,2022-04-25,15:30:00,Urbana,Ruta Nacional,12,1035,FRENTE AL AEROPUERTO,,,2.0,0.0,0.0,2,0.0,Colisión entre vehículos,2,Asfalto,Apto,"Despejada, Seca",Día,SI,Despejado,Buena,Sin Semáforo,Automóvil
1047,166823,2022-04-24,8:05:00,Urbana,Calle,MENDOZA,1468,,-2.747.403,-5.883.635,3.0,0.0,0.0,3,0.0,Colisión entre vehículos,3,Asfalto,Apto,Seca,Día,NO,Despejado,Buena,,Automóvil
1048,166823,2022-04-24,8:05:00,Urbana,Calle,MENDOZA,1468,,-2.747.403,-5.883.635,3.0,0.0,0.0,3,0.0,Colisión entre vehículos,3,Asfalto,Apto,Seca,Día,NO,Despejado,Buena,,Automóvil
1049,166823,2022-04-24,8:05:00,Urbana,Calle,MENDOZA,1468,,-2.747.403,-5.883.635,3.0,0.0,0.0,3,0.0,Colisión entre vehículos,3,Asfalto,Apto,Seca,Día,NO,Despejado,Buena,,Automóvil
1050,146715,2022-04-24,15:15:00,Urbana,Calle,CATARMARCA,,BELGRANO,,,1.0,1.0,0.0,2,0.0,Colisión entre vehículos,2,Asfalto,Apto,,Día,NO,Lluvia,Lluvia,Sin Semáforo,Transporte de pasajeros
1051,146715,2022-04-24,15:15:00,Urbana,Calle,CATARMARCA,,BELGRANO,,,1.0,1.0,0.0,2,0.0,Colisión entre vehículos,2,Asfalto,Apto,,Día,NO,Lluvia,Lluvia,Sin Semáforo,Motocicleta
1052,159930,2022-04-24,13:50:00,Urbana,,AYACUCHO,,COLONIA,,,1.0,1.0,0.0,2,0.0,Colisión entre vehículos,2,Asfalto,Apto,Despejada,Día,NO,Despejado,Buena,Sin Semáforo,Automóvil
1053,159930,2022-04-24,13:50:00,Urbana,,AYACUCHO,,COLONIA,,,1.0,1.0,0.0,2,0.0,Colisión entre vehículos,2,Asfalto,Apto,Despejada,Día,NO,Despejado,Buena,Sin Semáforo,Motocicleta
1054,138508,2022-04-23,6:50:00,Urbana,Avenida,AV. FERRE,,PARAGUAY,,,1.0,0.0,0.0,1,0.0,Caída desde vehículo,1,Asfalto,Apto,Seca,Día,NO,Despejado,Buena,Funciona,Motocicleta
1055,156555,2022-04-22,18:00:00,Urbana,Ruta Nacional,12,1035,FRENTE AL AEROPUERTO,-2.745.192,-5.875.533,2.0,0.0,0.0,2,0.0,Colisión entre vehículos,2,Asfalto,Apto,"Despejada, Seca",Atardecer,NO,Nublado,Buena,Sin Semáforo,Automóvil
1056,156555,2022-04-22,18:00:00,Urbana,Ruta Nacional,12,1035,FRENTE AL AEROPUERTO,-2.745.192,-5.875.533,2.0,0.0,0.0,2,0.0,Colisión entre vehículos,2,Asfalto,Apto,"Despejada, Seca",Atardecer,NO,Nublado,Buena,Sin Semáforo,Camioneta/Utilitario
1057,175452,2022-04-21,6:15:00,Urbana,Calle,9 DE julio,800,ROCA,,,0.0,1.0,,1,,Despeñamiento,1,,Apto,Seca,Día,,Despejado,,S/D,Automóvil
1058,137584,2022-04-21,11:45:00,Urbana,Calle,QUINTANA,1078,,,,2.0,0.0,0.0,2,0.0,Colisión entre vehículos,2,Asfalto,Apto,Seca,Día,NO,Despejado,Buena,,Automóvil
1059,137584,2022-04-21,11:45:00,Urbana,Calle,QUINTANA,1078,,,,2.0,0.0,0.0,2,0.0,Colisión entre vehículos,2,Asfalto,Apto,Seca,Día,NO,Despejado,Buena,,Camioneta/Utilitario
1060,157741,2022-04-20,13:36:00,Urbana,Avenida,AV INDEPENDENCIA,4200,RIO JURAMENTO,,,1.0,1.0,0.0,2,0.0,Choque,2,Asfalto,Apto,"Despejada, Seca",Día,NO,Despejado,Buena,Sin Semáforo,Motocicleta