,id_feu,siniestro_fecha,siniestro_hora,zona_ocurrencia,via_publica,nombre_via,altura_km,entre_calle_1,latitud,longitud,ilesos,heridos,fallecidos,vehiculos,peatones,tipo_siniestro_unico,cantidad_de_involucrados,material_de_la_calzada,estado_de_la_calzada,estado_fisico_ambiental,luminosidad,luz_artificial,estado_ambiental,visibilidad,semaforo,tipo_involucrado
1061,157741,2022-04-20,13:36:00,Urbana,Avenida,AV INDEPENDENCIA,4200,RIO JURAMENTO,,,1.0,1.0,0.0,2,0.0,Choque,2,Asfalto,Apto,"Despejada, Seca",Día,NO,Despejado,Buena,Sin Semáforo,Transporte de carga
1062,169869,2022-04-20,12:15:00,Urbana,Avenida,AVENIDA JUAN PUJOL,2140,,-2.746.672,-5.882.229,1.0,1.0,0.0,2,0.0,Colisión entre vehículos,2,Hormigón,Apto,Seca,Día,SI,Despejado,Buena,Sin Semáforo,Automóvil
1063,169869,2022-04-20,12:15:00,Urbana,Avenida,AVENIDA JUAN PUJOL,2140,,-2.746.672,-5.882.229,1.0,1.0,0.0,2,0.0,Colisión entre vehículos,2,Hormigón,Apto,Seca,Día,SI,Despejado,Buena,Sin Semáforo,Motocicleta
1064,136373,2022-04-20,13:27:00,Urbana,Avenida,INDEPENDENCIA,4700,,,,2.0,0.0,0.0,2,0.0,Colisión entre vehículos,2,Asfalto,Apto,Seca,Día,NO,Despejado,Buena,Funciona,Automóvil
1065,136373,2022-04-20,13:27:00,Urbana,Avenida,INDEPENDENCIA,4700,,,,2.0,0.0,0.0,2,0.0,Colisión entre vehículos,2,Asfalto,Apto,Seca,Día,NO,Despejado,Buena,Funciona,Camioneta/Utilitario
1066,146725,2022-04-20,13:18:00,,Avenida,AV MAIPU,1600,,,,1.0,1.0,0.0,2,0.0,Colisión entre vehículos,2,Asfalto,Apto,Seca,Día,NO,Despejado,Buena,Sin Semáforo,Automóvil
1067,146725,2022-04-20,13:18:00,,Avenida,AV MAIPU,1600,,,,1.0,1.0,0.0,2,0.0,Colisión entre vehículos,2,Asfalto,Apto,Seca,Día,NO,Despejado,Buena,Sin Semáforo,Motocicleta
1068,147090,2022-04-20,15:50:00,Urbana,,MEDRANO,,RAUL ALFONSIN,,,2.0,0.0,0.0,2,0.0,Colisión entre vehículos,2,Asfalto,Apto,Despejada,Día,NO,Despejado,Buena,Funciona,Motocicleta
1069,147090,2022-04-20,15:50:00,Urbana,,MEDRANO,,RAUL ALFONSIN,,,2.0,0.0,0.0,2,0.0,Colisión entre vehículos,2,Asfalto,Apto,Despejada,Día,NO,Despejado,Buena,Funciona,Motocicleta
1070,153906,2022-04-19,14:20:00,Urbana,,DOMINICANA,,CENTENARIO,,,2.0,0.0,0.0,2,0.0,Colisión entre vehículos,2,Asfalto,Apto,Seca,Día,NO,Despejado,Buena,Sin Semáforo,Automóvil
1071,153906,2022-04-19,14:20:00,Urbana,,DOMINICANA,,CENTENARIO,,,2.0,0.0,0.0,2,0.0,Colisión entre vehículos,2,Asfalto,Apto,Seca,Día,NO,Despejado,Buena,Sin Semáforo,Camioneta/Utilitario
1072,135574,2022-04-19,12:13:00,Urbana,Calle,BELGRANO,,CÓRDOBA,,,2.0,0.0,0.0,2,0.0,Choque,2,Asfalto,Apto,Seca,Día,NO,Despejado,Buena,,Automóvil
1073,135574,2022-04-19,12:13:00,Urbana,Calle,BELGRANO,,CÓRDOBA,,,2.0,0.0,0.0,2,0.0,Choque,2,Asfalto,Apto,Seca,Día,NO,Despejado,Buena,,Automóvil
1074,142732,2022-04-18,15:15:00,Urbana,Calle,LISANDRO SEGOVIA,1700,,,,3.0,0.0,0.0,3,0.0,Colisión entre vehículos,3,Asfalto,Apto,Seca,Día,NO,Despejado,Buena,Sin Semáforo,Automóvil
1075,142732,2022-04-18,15:15:00,Urbana,Calle,LISANDRO SEGOVIA,1700,,,,3.0,0.0,0.0,3,0.0,Colisión entre vehículos,3,Asfalto,Apto,Seca,Día,NO,Despejado,Buena,Sin Semáforo,Automóvil
1076,142732,2022-04-18,15:15:00,Urbana,Calle,LISANDRO SEGOVIA,1700,,,,3.0,0.0,0.0,3,0.0,Colisión entre vehículos,3,Asfalto,Apto,Seca,Día,NO,Despejado,Buena,Sin Semáforo,Automóvil
1077,152972,2022-04-18,20:15:00,Urbana,Avenida,AV PUJOL,,SANTA FE,,,0.0,1.0,0.0,1,0.0,Caída desde vehículo,1,Asfalto,Apto,Seca,Noche,SI,Despejado,Buena,Sin Semáforo,Motocicleta
1078,164600,2022-04-16,8:11:00,Urbana,Avenida,AV MAIPU,3204,,,,1.0,1.0,0.0,2,0.0,Colisión entre vehículos,2,Asfalto,Apto,"Despejada, Seca",Día,NO,Despejado,Buena,Sin Semáforo,Motocicleta
1079,164600,2022-04-16,8:11:00,Urbana,Avenida,AV MAIPU,3204,,,,1.0,1.0,0.0,2,0.0,Colisión entre vehículos,2,Asfalto,Apto,"Despejada, Seca",Día,NO,Despejado,Buena,Sin Semáforo,Motocicleta
1080,152047,2022-04-16,21:30:00,Urbana,Calle,CASTELLI,,CARTAGENA,,,0.0,2.0,0.0,2,0.0,Colisión entre vehículos,2,Asfalto,Apto,Seca,Noche,SI,Despejado,Buena,Sin Semáforo,Automóvil
1081,152047,2022-04-16,21:30:00,Urbana,Calle,CASTELLI,,CARTAGENA,,,0.0,2.0,0.0,2,0.0,Colisión entre vehículos,2,Asfalto,Apto,Seca,Noche,SI,Despejado,Buena,Sin Semáforo,Automóvil
1082,169887,2022-04-14,8:10:00,Urbana,Avenida,AVENIDA LIBERTAD,4900,AVENIDA J.R. FERNÁNDEZ,-2.746.662,-5.878.994,0.0,1.0,0.0,0,1.0,Caída desde vehículo,1,Asfalto,Apto,,Día,NO,Despejado,Buena,Funciona,Peatón
1083,134801,2022-04-14,11:55:00,Urbana,Avenida,AV MAIPU,300,BELTRAN,-2.747.997,-5.882.859,2.0,0.0,0.0,2,0.0,Colisión entre vehículos,2,Asfalto,Apto,Seca,Día,NO,Despejado,Buena,Sin Semáforo,Automóvil
1084,134801,2022-04-14,11:55:00,Urbana,Avenida,AV MAIPU,300,BELTRAN,-2.747.997,-5.882.859,2.0,0.0,0.0,2,0.0,Colisión entre vehículos,2,Asfalto,Apto,Seca,Día,NO,Despejado,Buena,Sin Semáforo,Motocicleta
1085,152982,2022-04-14,7:52:00,Urbana,Avenida,AV PUJOL,,PERU,,,1.0,0.0,0.0,1,0.0,Caída desde vehículo,1,Asfalto,Apto,Despejada,Día,NO,Despejado,Buena,Sin Semáforo,Motocicleta
1086,166848,2022-04-14,8:15:00,Urbana,Calle,CÓRDOBA,1400,MORENO,-2.747.340,-5.883.507,1.0,2.0,0.0,2,0.0,Colisión entre vehículos,2,Hormigón,Apto,Despejada,Día,NO,"Despejado, Viento",Buena,Sin Semáforo,Camioneta/Utilitario
1087,166848,2022-04-14,8:15:00,Urbana,Calle,CÓRDOBA,1400,MORENO,-2.747.340,-5.883.507,1.0,2.0,0.0,2,0.0,Colisión entre vehículos,2,Hormigón,Apto,Despejada,Día,NO,"Despejado, Viento",Buena,Sin Semáforo,Motocicleta
1088,162782,2022-04-14,13:20:00,Urbana,Avenida,AVDA INDEPENDENCIA,4600,,-2.748.211,-5.879.676,1.0,2.0,0.0,2,0.0,Despiste,2,Asfalto,Apto,Seca,,SI,Despejado,Buena,,Automóvil
1089,162782,2022-04-14,13:20:00,Urbana,Avenida,AVDA INDEPENDENCIA,4600,,-2.748.211,-5.879.676,1.0,2.0,0.0,2,0.0,Despiste,2,Asfalto,Apto,Seca,,SI,Despejado,Buena,,Transporte de carga
1090,160646,2022-04-13,0:45:00,Urbana,Calle,SANTA FE,1090,SAN MARTÍN,-2.747.039,-5.883.071,1.0,0.0,1.0,2,0.0,Choque,2,,Apto,Despejada,Noche,SI,Despejado,,Intermitente,Automóvil
1091,160646,2022-04-13,0:45:00,Urbana,Calle,SANTA FE,1090,SAN MARTÍN,-2.747.039,-5.883.071,1.0,0.0,1.0,2,0.0,Choque,2,,Apto,Despejada,Noche,SI,Despejado,,Intermitente,Motocicleta
1092,148210,2022-04-13,20:32:00,Urbana,,CHACABUCO,,BOLIVAR,,,1.0,1.0,0.0,2,0.0,Colisión entre vehículos,2,Asfalto,Apto,Mojada,Noche,SI,Lluvia,Lluvia,Sin Semáforo,Automóvil
1093,148210,2022-04-13,20:32:00,Urbana,,CHACABUCO,,BOLIVAR,,,1.0,1.0,0.0,2,0.0,Colisión entre vehículos,2,Asfalto,Apto,Mojada,Noche,SI,Lluvia,Lluvia,Sin Semáforo,Motocicleta
1094,151166,2022-04-12,8:08:00,Urbana,Calle,NICARAGUA,3800,CORINTO,,,1.0,3.0,0.0,2,0.0,Colisión entre vehículos,2,Asfalto,Apto,"Despejada, Seca",Día,NO,Despejado,Buena,Sin Semáforo,Motocicleta
1095,151166,2022-04-12,8:08:00,Urbana,Calle,NICARAGUA,3800,CORINTO,,,1.0,3.0,0.0,2,0.0,Colisión entre vehículos,2,Asfalto,Apto,"Despejada, Seca",Día,NO,Despejado,Buena,Sin Semáforo,Camioneta/Utilitario
1096,137578,2022-04-11,8:45:00,Urbana,Avenida,AV. TTE IBAÑEZ,,GUASTAVINO,,,2.0,0.0,0.0,2,0.0,Colisión entre vehículos,2,Asfalto,Apto,Seca,Día,NO,Despejado,Buena,,Motocicleta
1097,137578,2022-04-11,8:45:00,Urbana,Avenida,AV. TTE IBAÑEZ,,GUASTAVINO,,,2.0,0.0,0.0,2,0.0,Colisión entre vehículos,2,Asfalto,Apto,Seca,Día,NO,Despejado,Buena,,Automóvil
1098,158157,2022-04-10,21:30:00,Urbana,Avenida,AV PEDRO FERRE,1600,ESPAÑA,-2.747.654,-5.883.017,2.0,0.0,0.0,2,0.0,Colisión entre vehículos,2,Asfalto,Apto,"Despejada, Seca",Noche,,Despejado,Buena,Funciona,Motocicleta
1099,158157,2022-04-10,21:30:00,Urbana,Avenida,AV PEDRO FERRE,1600,ESPAÑA,-2.747.654,-5.883.017,2.0,0.0,0.0,2,0.0,Colisión entre vehículos,2,Asfalto,Apto,"Despejada, Seca",Noche,,Despejado,Buena,Funciona,Automóvil
1100,164616,2022-04-09,8:20:00,Urbana,Calle,RECONQUISTA,2800,,-2.749.030,-5.881.539,0.0,1.0,0.0,2,0.0,Colisión entre vehículos,2,Ripio,,,Día,NO,Despejado,Buena,,Motocicleta
1101,164616,2022-04-09,8:20:00,Urbana,Calle,RECONQUISTA,2800,,-2.749.030,-5.881.539,0.0,1.0,0.0,2,0.0,Colisión entre vehículos,2,Ripio,,,Día,NO,Despejado,Buena,,Bicicleta
1102,151170,2022-04-09,18:40:00,Urbana,Avenida,AV PUJOL,2100,CARLOS PELLEGRINI,,,1.0,1.0,0.0,2,0.0,Colisión entre vehículos,2,Asfalto,Apto,"Despejada, Seca",Noche,NO,Despejado,Buena,Sin Semáforo,Bicicleta
1103,151170,2022-04-09,18:40:00,Urbana,Avenida,AV PUJOL,2100,CARLOS PELLEGRINI,,,1.0,1.0,0.0,2,0.0,Colisión entre vehículos,2,Asfalto,Apto,"Despejada, Seca",Noche,NO,Despejado,Buena,Sin Semáforo,Automóvil
1104,152970,2022-04-08,14:21:00,Urbana,Calle,BELGRANO,,PARAGUAY,,,1.0,2.0,0.0,2,0.0,Colisión entre vehículos,2,Asfalto,Apto,"Despejada, Seca",Día,NO,Despejado,Buena,Sin Semáforo,Automóvil
1105,152970,2022-04-08,14:21:00,Urbana,Calle,BELGRANO,,PARAGUAY,,,1.0,2.0,0.0,2,0.0,Colisión entre vehículos,2,Asfalto,Apto,"Despejada, Seca",Día,NO,Despejado,Buena,Sin Semáforo,Motocicleta
1106,157824,2022-04-08,10:55:00,Urbana,Avenida,AV PAYSANDU,3800,,,,1.0,1.0,0.0,2,0.0,Colisión entre vehículos,2,Asfalto,Apto,"Despejada, Seca",Día,NO,Despejado,Buena,Sin Semáforo,Automóvil
1107,157824,2022-04-08,10:55:00,Urbana,Avenida,AV PAYSANDU,3800,,,,1.0,1.0,0.0,2,0.0,Colisión entre vehículos,2,Asfalto,Apto,"Despejada, Seca",Día,NO,Despejado,Buena,Sin Semáforo,Motocicleta
1108,160644,2022-04-08,8:40:00,Urbana,Avenida,AVDA. INDEPENDENCIA,4300,,-2.748.148,-5.879.906,5.0,0.0,0.0,5,0.0,Colisión entre vehículos,5,Asfalto,Apto,,Día,NO,Despejado,Buena,,Automóvil
1109,160644,2022-04-08,8:40:00,Urbana,Avenida,AVDA. INDEPENDENCIA,4300,,-2.748.148,-5.879.906,5.0,0.0,0.0,5,0.0,Colisión entre vehículos,5,Asfalto,Apto,,Día,NO,Despejado,Buena,,Camioneta/Utilitario
1110,160644,2022-04-08,8:40:00,Urbana,Avenida,AVDA. INDEPENDENCIA,4300,,-2.748.148,-5.879.906,5.0,0.0,0.0,5,0.0,Colisión entre vehículos,5,Asfalto,Apto,,Día,NO,Despejado,Buena,,Camioneta/Utilitario
1111,160644,2022-04-08,8:40:00,Urbana,Avenida,AVDA. INDEPENDENCIA,4300,,-2.748.148,-5.879.906,5.0,0.0,0.0,5,0.0,Colisión entre vehículos,5,Asfalto,Apto,,Día,NO,Despejado,Buena,,Transporte de carga
1112,160644,2022-04-08,8:40:00,Urbana,Avenida,AVDA. INDEPENDENCIA,4300,,-2.748.148,-5.879.906,5.0,0.0,0.0,5,0.0,Colisión entre vehículos,5,Asfalto,Apto,,Día,NO,Despejado,Buena,,Automóvil
1113,175459,2022-04-08,18:30:00,Urbana,Calle,DON BOSCO,700,COSTANERA,,,2.0,0.0,0.0,2,0.0,Colisión entre vehículos,2,Asfalto,Apto,Seca,Día,,Despejado,,Sin Semáforo,Motocicleta
1114,175459,2022-04-08,18:30:00,Urbana,Calle,DON BOSCO,700,COSTANERA,,,2.0,0.0,0.0,2,0.0,Colisión entre vehículos,2,Asfalto,Apto,Seca,Día,,Despejado,,Sin Semáforo,Automóvil
1115,160649,2022-04-06,15:38:00,Urbana,Avenida,AVDA. SANTA ROSA,1790,ÑAEMBÉ,-2.747.904,-5.881.999,1.0,1.0,0.0,2,0.0,Colisión entre vehículos,2,Asfalto,Apto,Seca,Día,NO,Despejado,Buena,,Motocicleta
1116,160649,2022-04-06,15:38:00,Urbana,Avenida,AVDA. SANTA ROSA,1790,ÑAEMBÉ,-2.747.904,-5.881.999,1.0,1.0,0.0,2,0.0,Colisión entre vehículos,2,Asfalto,Apto,Seca,Día,NO,Despejado,Buena,,Motocicleta
1117,134817,2022-04-06,10:00:00,Urbana,Avenida,AV. MAIPU,,RECONQUISTA,,,2.0,0.0,0.0,2,0.0,Colisión entre vehículos,2,Asfalto,Apto,Seca,Día,NO,Despejado,Buena,,Automóvil
1118,134817,2022-04-06,10:00:00,Urbana,Avenida,AV. MAIPU,,RECONQUISTA,,,2.0,0.0,0.0,2,0.0,Colisión entre vehículos,2,Asfalto,Apto,Seca,Día,NO,Despejado,Buena,,Motocicleta
1119,145739,2022-04-06,14:00:00,Urbana,Calle,TACUARI,,CENTENARIO,,,2.0,1.0,0.0,2,0.0,Colisión entre vehículos,2,Asfalto,Apto,Seca,Día,NO,Despejado,Buena,Funciona,Automóvil
1120,145739,2022-04-06,14:00:00,Urbana,Calle,TACUARI,,CENTENARIO,,,2.0,1.0,0.0,2,0.0,Colisión entre vehículos,2,Asfalto,Apto,Seca,Día,NO,Despejado,Buena,Funciona,Motocicleta
1121,158360,2022-04-05,12:40:00,Urbana,Calle,TRES SARGENTO,1690,COSQUÍN,,,1.0,1.0,0.0,2,0.0,Colisión entre vehículos,2,Hormigón,Apto,Despejada,Día,NO,Despejado,Buena,Sin Semáforo,Automóvil
1122,158360,2022-04-05,12:40:00,Urbana,Calle,TRES SARGENTO,1690,COSQUÍN,,,1.0,1.0,0.0,2,0.0,Colisión entre vehículos,2,Hormigón,Apto,Despejada,Día,NO,Despejado,Buena,Sin Semáforo,Motocicleta
1123,176153,2022-04-05,22:05:00,Urbana,Calle,LA PAMPA,,AV SARMIENTO,,,1.0,1.0,0.0,2,0.0,Colisión entre vehículos,2,Asfalto,Apto,Seca,Noche,NO,Despejado,,S/D,Automóvil
1124,176153,2022-04-05,22:05:00,Urbana,Calle,LA PAMPA,,AV SARMIENTO,,,1.0,1.0,0.0,2,0.0,Colisión entre vehículos,2,Asfalto,Apto,Seca,Noche,NO,Despejado,,S/D,Motocicleta
1125,152966,2022-04-05,8:10:00,Urbana,Calle,AV R.R.ALFONSIN,5100,SANCHEZ DE BUSTAMANTE,-2.747.686,-5.878.794,1.0,1.0,0.0,2,0.0,Colisión entre vehículos,2,Asfalto,Apto,Seca,Día,NO,Despejado,Buena,Sin Semáforo,Automóvil
1126,152966,2022-04-05,8:10:00,Urbana,Calle,AV R.R.ALFONSIN,5100,SANCHEZ DE BUSTAMANTE,-2.747.686,-5.878.794,1.0,1.0,0.0,2,0.0,Colisión entre vehículos,2,Asfalto,Apto,Seca,Día,NO,Despejado,Buena,Sin Semáforo,Motocicleta
1127,152046,2022-04-05,23:20:00,Urbana,,SANCHEZ BUSTAMANTE,,JUAN DOMINGO PERON,,,2.0,0.0,0.0,2,0.0,Colisión entre vehículos,2,Asfalto,Apto,Seca,Noche,SI,Despejado,Buena,,Automóvil
1128,152046,2022-04-05,23:20:00,Urbana,,SANCHEZ BUSTAMANTE,,JUAN DOMINGO PERON,,,2.0,0.0,0.0,2,0.0,Colisión entre vehículos,2,Asfalto,Apto,Seca,Noche,SI,Despejado,Buena,,Automóvil
1129,160686,2022-04-05,11:50:00,Urbana,Avenida,AVDA. MAIPÚ,2500,NICARAGUA,-2.749.887,-5.881.465,1.0,1.0,0.0,2,0.0,,2,Asfalto,Apto,Despejada,Día,NO,Despejado,Buena,Funciona,Motocicleta
1130,160686,2022-04-05,11:50:00,Urbana,Avenida,AVDA. MAIPÚ,2500,NICARAGUA,-2.749.887,-5.881.465,1.0,1.0,0.0,2,0.0,,2,Asfalto,Apto,Despejada,Día,NO,Despejado,Buena,Funciona,Bicicleta
1131,151227,2022-04-04,6:00:00,Urbana,Avenida,AV. INDEPENDENIA,4900,GASCON,,,2.0,0.0,0.0,2,0.0,Colisión entre vehículos,2,Asfalto,Apto,Seca,Amanecer,SI,Despejado,Buena,Sin Semáforo,Automóvil
1132,151227,2022-04-04,6:00:00,Urbana,Avenida,AV. INDEPENDENIA,4900,GASCON,,,2.0,0.0,0.0,2,0.0,Colisión entre vehículos,2,Asfalto,Apto,Seca,Amanecer,SI,Despejado,Buena,Sin Semáforo,Motocicleta
1133,152981,2022-04-04,14:55:00,Urbana,,AV MAIPU,,,,,2.0,0.0,0.0,2,0.0,Colisión entre vehículos,2,Asfalto,Apto,Despejada,Día,NO,Despejado,Buena,Funciona,Motocicleta
1134,152981,2022-04-04,14:55:00,Urbana,,AV MAIPU,,,,,2.0,0.0,0.0,2,0.0,Colisión entre vehículos,2,Asfalto,Apto,Despejada,Día,NO,Despejado,Buena,Funciona,Motocicleta
1135,160682,2022-04-04,13:15:00,Urbana,Avenida,9 DE julio,200,AVDA. COSTANERA,-2.746.560,-5.884.790,1.0,2.0,0.0,2,0.0,Colisión entre vehículos,2,Asfalto,Apto,Seca,Día,SI,Despejado,Buena,,Automóvil
1136,160682,2022-04-04,13:15:00,Urbana,Avenida,9 DE julio,200,AVDA. COSTANERA,-2.746.560,-5.884.790,1.0,2.0,0.0,2,0.0,Colisión entre vehículos,2,Asfalto,Apto,Seca,Día,SI,Despejado,Buena,,Motocicleta
1137,139998,2022-04-03,17:30:00,Urbana,Calle,LAVALLE,1200,PIO XII,,,2.0,0.0,0.0,2,0.0,Colisión entre vehículos,2,Asfalto,Apto,Seca,Día,NO,Despejado,Buena,Sin Semáforo,Automóvil
1138,139998,2022-04-03,17:30:00,Urbana,Calle,LAVALLE,1200,PIO XII,,,2.0,0.0,0.0,2,0.0,Colisión entre vehículos,2,Asfalto,Apto,Seca,Día,NO,Despejado,Buena,Sin Semáforo,Automóvil
1139,164615,2022-04-03,8:18:00,Rural,Ruta Nacional,12,DESC,AVENIDA RAÚL ALFONSÍN,-2.747.826,-5.878.273,0.0,3.0,0.0,2,0.0,Colisión entre vehículos,2,Hormigón,Apto,Despejada,Día,NO,Despejado,Buena,Sin Semáforo,Motocicleta
1140,164615,2022-04-03,8:18:00,Rural,Ruta Nacional,12,DESC,AVENIDA RAÚL ALFONSÍN,-2.747.826,-5.878.273,0.0,3.0,0.0,2,0.0,Colisión entre vehículos,2,Hormigón,Apto,Despejada,Día,NO,Despejado,Buena,Sin Semáforo,Motocicleta
1141,135569,2022-04-03,7:30:00,Urbana,Avenida,CAZADORES CORRENTINOS,3400,MEDRANO,,,,1.0,0.0,1,0.0,Caída desde vehículo,1,Asfalto,Apto,Seca,Día,NO,Despejado,Buena,,Motocicleta
1142,161548,2022-04-02,7:20:00,Urbana,Calle,ALTAGRACIA,,SANTA CATALINA,,,1.0,1.0,0.0,2,0.0,Colisión entre vehículos,2,Asfalto,Apto,Despejada,Día,NO,Despejado,Buena,Sin Semáforo,Automóvil
1143,161548,2022-04-02,7:20:00,Urbana,Calle,ALTAGRACIA,,SANTA CATALINA,,,1.0,1.0,0.0,2,0.0,Colisión entre vehículos,2,Asfalto,Apto,Despejada,Día,NO,Despejado,Buena,Sin Semáforo,Motocicleta
1144,167715,2022-04-02,14:00:00,Urbana,Avenida,AVENIDA ARMENIA,3000,CHACABUCO,-2.746.750,-5.881.185,1.0,1.0,0.0,2,0.0,Colisión entre vehículos,2,Asfalto,Apto,Despejada,Día,NO,Despejado,Buena,Intermitente,Automóvil
1145,167715,2022-04-02,14:00:00,Urbana,Avenida,AVENIDA ARMENIA,3000,CHACABUCO,-2.746.750,-5.881.185,1.0,1.0,0.0,2,0.0,Colisión entre vehículos,2,Asfalto,Apto,Despejada,Día,NO,Despejado,Buena,Intermitente,Motocicleta
1146,151162,2022-04-02,19:30:00,Urbana,Avenida,AV MAIPU,,ROCA,,,1.0,1.0,0.0,2,0.0,Colisión entre vehículos,2,Asfalto,Apto,Seca,Noche,SI,Despejado,Buena,Funciona,Camioneta/Utilitario
1147,151162,2022-04-02,19:30:00,Urbana,Avenida,AV MAIPU,,ROCA,,,1.0,1.0,0.0,2,0.0,Colisión entre vehículos,2,Asfalto,Apto,Seca,Noche,SI,Despejado,Buena,Funciona,Motocicleta
1148,152978,2022-04-02,19:30:00,Urbana,,VESPUCIO,,TAMPICO,,,2.0,0.0,0.0,2,0.0,Colisión entre vehículos,2,Asfalto,,Despejada,Noche,SI,Despejado,Buena,Sin Semáforo,Automóvil
1149,152978,2022-04-02,19:30:00,Urbana,,VESPUCIO,,TAMPICO,,,2.0,0.0,0.0,2,0.0,Colisión entre vehículos,2,Asfalto,,Despejada,Noche,SI,Despejado,Buena,Sin Semáforo,Camioneta/Utilitario
1150,174823,2022-04-02,16:20:00,Urbana,Calle,LAVALLE,2300,PERÚ,-2.747.842,-5.882.261,1.0,1.0,0.0,2,0.0,Colisión entre vehículos,2,Asfalto,Apto,Seca,Día,,Despejado,,Sin Semáforo,Automóvil
1151,174823,2022-04-02,16:20:00,Urbana,Calle,LAVALLE,2300,PERÚ,-2.747.842,-5.882.261,1.0,1.0,0.0,2,0.0,Colisión entre vehículos,2,Asfalto,Apto,Seca,Día,,Despejado,,Sin Semáforo,Bicicleta
1152,139974,2022-04-02,13:39:00,Urbana,Avenida,AV CHACABUCO,1800,GRAL PAZ,,,2.0,0.0,0.0,2,0.0,Colisión entre vehículos,2,Asfalto,Apto,Seca,Día,NO,Despejado,Buena,Funciona,Automóvil
1153,139974,2022-04-02,13:39:00,Urbana,Avenida,AV CHACABUCO,1800,GRAL PAZ,,,2.0,0.0,0.0,2,0.0,Colisión entre vehículos,2,Asfalto,Apto,Seca,Día,NO,Despejado,Buena,Funciona,Transporte de carga
1154,175500,2022-04-02,16:15:00,Urbana,Calle,BOLIVAR,,CORDOBA,,,2.0,0.0,0.0,2,0.0,Colisión entre vehículos,2,S/D,Apto,Seca,Día,,Despejado,,Sin Semáforo,Automóvil
1155,175500,2022-04-02,16:15:00,Urbana,Calle,BOLIVAR,,CORDOBA,,,2.0,0.0,0.0,2,0.0,Colisión entre vehículos,2,S/D,Apto,Seca,Día,,Despejado,,Sin Semáforo,Motocicleta
1156,136369,2022-04-02,23:48:00,Urbana,Avenida,AV 3 DE ABRIL,,CORDOBA,,,1.0,1.0,0.0,2,0.0,Colisión entre vehículos,2,Hormigón,Apto,Seca,Noche,SI,Despejado,Buena,,Automóvil
1157,136369,2022-04-02,23:48:00,Urbana,Avenida,AV 3 DE ABRIL,,CORDOBA,,,1.0,1.0,0.0,2,0.0,Colisión entre vehículos,2,Hormigón,Apto,Seca,Noche,SI,Despejado,Buena,,Motocicleta
1158,169897,2022-04-02,23:55:00,Urbana,Avenida,AVENIDA MAIPÚ,1699,,,,0.0,2.0,0.0,1,0.0,Caída desde vehículo,1,Asfalto,Baches,,Noche,NO,Despejado,Buena,Sin Semáforo,Motocicleta
1159,169890,2022-04-02,13:45:00,Urbana,Calle,CORREA FERNÁNDEZ,1700,AVENIDA SARMIENTO,-2.748.326,-5.883.088,1.0,1.0,0.0,2,0.0,Colisión entre vehículos,2,Asfalto,Apto,"Despejada, Seca",Día,NO,Despejado,Buena,Funciona,Automóvil
1160,169890,2022-04-02,13:45:00,Urbana,Calle,CORREA FERNÁNDEZ,1700,AVENIDA SARMIENTO,-2.748.326,-5.883.088,1.0,1.0,0.0,2,0.0,Colisión entre vehículos,2,Asfalto,Apto,"Despejada, Seca",Día,NO,Despejado,Buena,Funciona,Motocicleta
1161,139214,2022-03-31,19:59:00,Urbana,Calle,PAISANDU,2200,GUALEGUAYCHU,-2.749.383,-5.882.456,2.0,0.0,0.0,2,0.0,Colisión entre vehículos,2,Asfalto,Apto,Seca,Día,NO,Despejado,Buena,Sin Semáforo,Motocicleta
1162,139214,2022-03-31,19:59:00,Urbana,Calle,PAISANDU,2200,GUALEGUAYCHU,-2.749.383,-5.882.456,2.0,0.0,0.0,2,0.0,Colisión entre vehículos,2,Asfalto,Apto,Seca,Día,NO,Despejado,Buena,Sin Semáforo,Automóvil
1163,146714,2022-03-28,10:20:00,,,CATARMARCA,900,,,,1.0,1.0,0.0,2,0.0,Colisión entre vehículos,2,Asfalto,Apto,"Despejada, Seca",Día,NO,Despejado,Buena,Funciona,Automóvil
1164,146714,2022-03-28,10:20:00,,,CATARMARCA,900,,,,1.0,1.0,0.0,2,0.0,Colisión entre vehículos,2,Asfalto,Apto,"Despejada, Seca",Día,NO,Despejado,Buena,Funciona,Bicicleta
1165,175504,2022-03-28,7:40:00,Urbana,Calle,CARTAGENA,,GASCON,,,0.0,1.0,0.0,1,0.0,Salida de calzada,1,Asfalto,Apto,Seca,Día,,Despejado,,S/D,Automóvil
1166,175469,2022-03-26,10:30:00,Urbana,Avenida,INDEPENDENCIA,3000,GAZCON,,,1.0,1.0,0.0,2,0.0,Colisión entre vehículos,2,Asfalto,Apto,Seca,Día,,Despejado,,S/D,Camioneta/Utilitario
1167,175469,2022-03-26,10:30:00,Urbana,Avenida,INDEPENDENCIA,3000,GAZCON,,,1.0,1.0,0.0,2,0.0,Colisión entre vehículos,2,Asfalto,Apto,Seca,Día,,Despejado,,S/D,Motocicleta