,id_feu,siniestro_fecha,siniestro_hora,zona_ocurrencia,via_publica,nombre_via,altura_km,entre_calle_1,latitud,longitud,ilesos,heridos,fallecidos,vehiculos,peatones,tipo_siniestro_unico,cantidad_de_involucrados,material_de_la_calzada,estado_de_la_calzada,estado_fisico_ambiental,luminosidad,luz_artificial,estado_ambiental,visibilidad,semaforo,tipo_involucrado
1276,146702,2022-02-20,9:25:00,,,ROTONDA ESPAÑA,,,,,2.0,0.0,0.0,2,0.0,Colisión entre vehículos,2,Asfalto,Apto,Seca,Día,NO,Despejado,Buena,Sin Semáforo,Camioneta/Utilitario
1277,146702,2022-02-20,9:25:00,,,ROTONDA ESPAÑA,,,,,2.0,0.0,0.0,2,0.0,Colisión entre vehículos,2,Asfalto,Apto,Seca,Día,NO,Despejado,Buena,Sin Semáforo,Bicicleta
1278,151152,2022-02-19,10:06:00,Urbana,,CATAMARCA,,BOLIVAR,,,1.0,1.0,0.0,2,0.0,Colisión entre vehículos,2,Asfalto,Apto,Seca,Día,NO,Despejado,Buena,,Automóvil
1279,151152,2022-02-19,10:06:00,Urbana,,CATAMARCA,,BOLIVAR,,,1.0,1.0,0.0,2,0.0,Colisión entre vehículos,2,Asfalto,Apto,Seca,Día,NO,Despejado,Buena,,Motocicleta
1280,151191,2022-02-18,17:56:00,Urbana,,SAN LUIS,,SAN MARTIN,,,1.0,1.0,0.0,2,0.0,Colisión entre vehículos,2,Asfalto,Apto,Seca,,NO,Despejado,Buena,Sin Semáforo,Automóvil
1281,151191,2022-02-18,17:56:00,Urbana,,SAN LUIS,,SAN MARTIN,,,1.0,1.0,0.0,2,0.0,Colisión entre vehículos,2,Asfalto,Apto,Seca,,NO,Despejado,Buena,Sin Semáforo,Motocicleta
1282,166830,2022-02-17,8:31:00,Urbana,Avenida,AVENIDA INDEPENDENCIA,4400,MEDRANO,-2.748.167,-5.879.840,1.0,1.0,0.0,2,0.0,Colisión entre vehículos,2,Asfalto,Apto,,Día,NO,Despejado,Buena,Funciona,Camioneta/Utilitario
1283,166830,2022-02-17,8:31:00,Urbana,Avenida,AVENIDA INDEPENDENCIA,4400,MEDRANO,-2.748.167,-5.879.840,1.0,1.0,0.0,2,0.0,Colisión entre vehículos,2,Asfalto,Apto,,Día,NO,Despejado,Buena,Funciona,Motocicleta
1284,152941,2022-02-17,18:30:00,Urbana,Avenida,AV LIBERTAD,5700,RUTA 12,,,2.0,0.0,0.0,2,0.0,Colisión entre vehículos,2,Asfalto,Apto,"Despejada, Seca",Noche,SI,Lluvia,Buena,Sin Semáforo,Automóvil
1285,152941,2022-02-17,18:30:00,Urbana,Avenida,AV LIBERTAD,5700,RUTA 12,,,2.0,0.0,0.0,2,0.0,Colisión entre vehículos,2,Asfalto,Apto,"Despejada, Seca",Noche,SI,Lluvia,Buena,Sin Semáforo,Motocicleta
1286,137574,2022-02-17,21:00:00,Urbana,Avenida,MAIPU,3100,,,,2.0,0.0,0.0,2,0.0,Colisión entre vehículos,2,Asfalto,Apto,Seca,Noche,SI,Despejado,Buena,,Automóvil
1287,137574,2022-02-17,21:00:00,Urbana,Avenida,MAIPU,3100,,,,2.0,0.0,0.0,2,0.0,Colisión entre vehículos,2,Asfalto,Apto,Seca,Noche,SI,Despejado,Buena,,Automóvil
1288,171745,2022-02-17,18:16:00,Urbana,Calle,ROCA,1400,MORENO,-2.747.451,-5.882.344,1.0,1.0,0.0,2,0.0,Colisión entre vehículos,2,Asfalto,Apto,"Despejada, Seca",Día,NO,Despejado,Buena,Sin Semáforo,Automóvil
1289,171745,2022-02-17,18:16:00,Urbana,Calle,ROCA,1400,MORENO,-2.747.451,-5.882.344,1.0,1.0,0.0,2,0.0,Colisión entre vehículos,2,Asfalto,Apto,"Despejada, Seca",Día,NO,Despejado,Buena,Sin Semáforo,Motocicleta
1290,156587,2022-02-17,19:30:00,Urbana,Calle,COSQUIN,,BONASTRE,,,0.0,3.0,0.0,2,0.0,Colisión entre vehículos,2,Asfalto,Apto,Seca,Día,NO,Despejado,Buena,Sin Semáforo,Motocicleta
1291,156587,2022-02-17,19:30:00,Urbana,Calle,COSQUIN,,BONASTRE,,,0.0,3.0,0.0,2,0.0,Colisión entre vehículos,2,Asfalto,Apto,Seca,Día,NO,Despejado,Buena,Sin Semáforo,Motocicleta
1292,161485,2022-02-17,7:45:00,Urbana,Avenida,AVDA. PAYSANDÚ,2200,AVDA. PATAGONIA,-2.749.263,-5.882.441,0.0,2.0,0.0,2,0.0,Colisión entre vehículos,2,Asfalto,Apto,Seca,Noche,SI,Despejado,Buena,,Motocicleta
1293,161485,2022-02-17,7:45:00,Urbana,Avenida,AVDA. PAYSANDÚ,2200,AVDA. PATAGONIA,-2.749.263,-5.882.441,0.0,2.0,0.0,2,0.0,Colisión entre vehículos,2,Asfalto,Apto,Seca,Noche,SI,Despejado,Buena,,Motocicleta
1294,165425,2022-02-17,6:35:00,Urbana,Calle,GUTENBERG,2600,SANTA CRUZ,,,0.0,4.0,0.0,1,0.0,Vuelco (solo 1 participante),1,Asfalto,Apto,Mojada,Amanecer,NO,Nublado,Buena,Sin Semáforo,Automóvil
1295,176150,2022-02-16,14:34:00,Urbana,Avenida,COSQUIN,,EL MAESTRO,,,1.0,1.0,0.0,2,0.0,Colisión entre vehículos,2,Asfalto,Apto,Seca,Día,,Despejado,,Sin Semáforo,Motocicleta
1296,176150,2022-02-16,14:34:00,Urbana,Avenida,COSQUIN,,EL MAESTRO,,,1.0,1.0,0.0,2,0.0,Colisión entre vehículos,2,Asfalto,Apto,Seca,Día,,Despejado,,Sin Semáforo,Motocicleta
1297,151220,2022-02-15,14:10:00,Urbana,Avenida,AV. FERRE,,ROCA,,,1.0,1.0,0.0,2,0.0,,2,Asfalto,Apto,Seca,Día,NO,Despejado,Buena,Funciona,Motocicleta
1298,151220,2022-02-15,14:10:00,Urbana,Avenida,AV. FERRE,,ROCA,,,1.0,1.0,0.0,2,0.0,,2,Asfalto,Apto,Seca,Día,NO,Despejado,Buena,Funciona,Automóvil
1299,145061,2022-02-15,10:08:00,Urbana,Avenida,AV PUJOL,1800,JUJUY,-2.746.289,-5.882.728,4.0,0.0,0.0,2,0.0,Colisión entre vehículos,2,Asfalto,Apto,Seca,Día,NO,Lluvia,Lluvia,Sin Semáforo,Automóvil
1300,145061,2022-02-15,10:08:00,Urbana,Avenida,AV PUJOL,1800,JUJUY,-2.746.289,-5.882.728,4.0,0.0,0.0,2,0.0,Colisión entre vehículos,2,Asfalto,Apto,Seca,Día,NO,Lluvia,Lluvia,Sin Semáforo,Motocicleta
1301,146711,2022-02-13,15:38:00,,Avenida,,,CHACO,,,1.0,1.0,0.0,2,0.0,Colisión entre vehículos,2,Hormigón,Apto,Seca,Día,NO,Despejado,Buena,Funciona,Automóvil
1302,146711,2022-02-13,15:38:00,,Avenida,,,CHACO,,,1.0,1.0,0.0,2,0.0,Colisión entre vehículos,2,Hormigón,Apto,Seca,Día,NO,Despejado,Buena,Funciona,Motocicleta
1303,169151,2022-02-13,10:53:00,Urbana,Calle,CATAMARCA,1400,PLÁCIDO MARTÍNEZ,-2.746.240,-5.883.243,2.0,0.0,0.0,2,0.0,Colisión entre vehículos,2,Asfalto,Apto,,Día,NO,Despejado,Buena,Sin Semáforo,Transporte de pasajeros
1304,169151,2022-02-13,10:53:00,Urbana,Calle,CATAMARCA,1400,PLÁCIDO MARTÍNEZ,-2.746.240,-5.883.243,2.0,0.0,0.0,2,0.0,Colisión entre vehículos,2,Asfalto,Apto,,Día,NO,Despejado,Buena,Sin Semáforo,Automóvil
1305,139234,2022-02-13,19:14:00,Urbana,Avenida,AV. CENTENARIO,,MEDRANO,,,2.0,0.0,0.0,2,0.0,Colisión entre vehículos,2,Asfalto,Apto,Seca,Día,NO,Despejado,Buena,,Automóvil
1306,139234,2022-02-13,19:14:00,Urbana,Avenida,AV. CENTENARIO,,MEDRANO,,,2.0,0.0,0.0,2,0.0,Colisión entre vehículos,2,Asfalto,Apto,Seca,Día,NO,Despejado,Buena,,Automóvil
1307,156529,2022-02-12,18:50:00,Urbana,Calle,MARTIN FIERRO,600,,,,0.0,2.0,0.0,2,0.0,Colisión entre vehículos,2,Asfalto,Apto,Seca,Noche,SI,Despejado,Buena,Sin Semáforo,Motocicleta
1308,156529,2022-02-12,18:50:00,Urbana,Calle,MARTIN FIERRO,600,,,,0.0,2.0,0.0,2,0.0,Colisión entre vehículos,2,Asfalto,Apto,Seca,Noche,SI,Despejado,Buena,Sin Semáforo,Bicicleta
1309,169158,2022-02-12,9:05:00,Urbana,Avenida,AVENIDA INDEPENDENCIA,4067,NIÑO JESÚS,-2.748.069,-5.880.215,2.0,1.0,0.0,2,0.0,Colisión entre vehículos,2,Asfalto,Apto,"Despejada, Seca",Día,NO,Despejado,Buena,Sin Semáforo,Automóvil
1310,169158,2022-02-12,9:05:00,Urbana,Avenida,AVENIDA INDEPENDENCIA,4067,NIÑO JESÚS,-2.748.069,-5.880.215,2.0,1.0,0.0,2,0.0,Colisión entre vehículos,2,Asfalto,Apto,"Despejada, Seca",Día,NO,Despejado,Buena,Sin Semáforo,Motocicleta
1311,148213,2022-02-12,8:50:00,Urbana,,YRIGOYEN,,PARAGUAY,,,1.0,1.0,0.0,2,0.0,Colisión entre vehículos,2,Asfalto,,Mojada,Día,NO,Lluvia,Lluvia,Sin Semáforo,Automóvil
1312,148213,2022-02-12,8:50:00,Urbana,,YRIGOYEN,,PARAGUAY,,,1.0,1.0,0.0,2,0.0,Colisión entre vehículos,2,Asfalto,,Mojada,Día,NO,Lluvia,Lluvia,Sin Semáforo,Automóvil
1313,156535,2022-02-12,6:05:00,Urbana,Calle,9 DE julio,,SALTA,,,1.0,1.0,0.0,2,0.0,Colisión entre vehículos,2,Asfalto,Apto,Mojada,Noche,SI,Lluvia,Lluvia,Sin Semáforo,Automóvil
1314,156535,2022-02-12,6:05:00,Urbana,Calle,9 DE julio,,SALTA,,,1.0,1.0,0.0,2,0.0,Colisión entre vehículos,2,Asfalto,Apto,Mojada,Noche,SI,Lluvia,Lluvia,Sin Semáforo,Transporte de pasajeros
1315,162769,2022-02-11,10:30:00,Urbana,Calle,NAPOLES,2600,SAN FRANCISCO DE ASIS,-2.749.605,-5.878.341,2.0,0.0,0.0,2,0.0,Colisión entre vehículos,2,Asfalto,Apto,"Despejada, Seca",Día,NO,Despejado,Buena,Sin Semáforo,Camioneta/Utilitario
1316,162769,2022-02-11,10:30:00,Urbana,Calle,NAPOLES,2600,SAN FRANCISCO DE ASIS,-2.749.605,-5.878.341,2.0,0.0,0.0,2,0.0,Colisión entre vehículos,2,Asfalto,Apto,"Despejada, Seca",Día,NO,Despejado,Buena,Sin Semáforo,Transporte de carga
1317,162786,2022-02-11,11:10:00,Urbana,Calle,BRASIL,2107,HIPÓLITO YRIGOYEN,-2.746.987,-5.882.417,2.0,0.0,0.0,2,0.0,Colisión entre vehículos,2,Asfalto,Apto,Seca,Día,NO,Nublado,Buena,Sin Semáforo,Automóvil
1318,162786,2022-02-11,11:10:00,Urbana,Calle,BRASIL,2107,HIPÓLITO YRIGOYEN,-2.746.987,-5.882.417,2.0,0.0,0.0,2,0.0,Colisión entre vehículos,2,Asfalto,Apto,Seca,Día,NO,Nublado,Buena,Sin Semáforo,Transporte de pasajeros
1319,169171,2022-02-10,7:55:00,Urbana,Calle,MANUEL BELGRANO,1500,SAN LORENZO,-2.747.252,-5.883.224,1.0,1.0,0.0,2,0.0,Colisión entre vehículos,2,Asfalto,Apto,Seca,Día,SI,Despejado,Buena,Sin Semáforo,Automóvil
1320,169171,2022-02-10,7:55:00,Urbana,Calle,MANUEL BELGRANO,1500,SAN LORENZO,-2.747.252,-5.883.224,1.0,1.0,0.0,2,0.0,Colisión entre vehículos,2,Asfalto,Apto,Seca,Día,SI,Despejado,Buena,Sin Semáforo,Motocicleta
1321,143771,2022-02-10,22:17:00,Urbana,Avenida,AV PUJOL,1900,URUGUAY,,,2.0,0.0,0.0,2,0.0,Colisión entre vehículos,2,Asfalto,Apto,"Despejada, Seca",Noche,SI,Despejado,Buena,Funciona,Automóvil
1322,143771,2022-02-10,22:17:00,Urbana,Avenida,AV PUJOL,1900,URUGUAY,,,2.0,0.0,0.0,2,0.0,Colisión entre vehículos,2,Asfalto,Apto,"Despejada, Seca",Noche,SI,Despejado,Buena,Funciona,Motocicleta
1323,167699,2022-02-09,5:00:00,Urbana,Avenida,AVENIDA CENTENARIO,4400,,,,3.0,0.0,0.0,3,0.0,Colisión entre vehículos,3,Hormigón,Apto,"Despejada, Seca",Noche,SI,Despejado,Buena,Funciona,Automóvil
1324,167699,2022-02-09,5:00:00,Urbana,Avenida,AVENIDA CENTENARIO,4400,,,,3.0,0.0,0.0,3,0.0,Colisión entre vehículos,3,Hormigón,Apto,"Despejada, Seca",Noche,SI,Despejado,Buena,Funciona,Automóvil
1325,167699,2022-02-09,5:00:00,Urbana,Avenida,AVENIDA CENTENARIO,4400,,,,3.0,0.0,0.0,3,0.0,Colisión entre vehículos,3,Hormigón,Apto,"Despejada, Seca",Noche,SI,Despejado,Buena,Funciona,Automóvil
1326,175503,2022-02-09,10:13:00,Urbana,Avenida,AV 3 DE ABRIL,,BUENOS AIRES,,,1.0,1.0,0.0,2,0.0,Colisión entre vehículos,2,Asfalto,Apto,Seca,Día,,Despejado,,S/D,Automóvil
1327,175503,2022-02-09,10:13:00,Urbana,Avenida,AV 3 DE ABRIL,,BUENOS AIRES,,,1.0,1.0,0.0,2,0.0,Colisión entre vehículos,2,Asfalto,Apto,Seca,Día,,Despejado,,S/D,Automóvil
1328,148952,2022-02-08,0:28:00,Urbana,Avenida,AV ARMENIA,3500,19 DE mayo,,,1.0,1.0,0.0,2,0.0,Colisión entre vehículos,2,Asfalto,Apto,Seca,Día,SI,Despejado,Buena,Intermitente,Automóvil
1329,148952,2022-02-08,0:28:00,Urbana,Avenida,AV ARMENIA,3500,19 DE mayo,,,1.0,1.0,0.0,2,0.0,Colisión entre vehículos,2,Asfalto,Apto,Seca,Día,SI,Despejado,Buena,Intermitente,Motocicleta
1330,152938,2022-02-08,22:30:00,Urbana,Avenida,AV INDEPENDENCIA,4600,DARRAGUEIRA,,,1.0,0.0,0.0,1,0.0,Choque,1,Asfalto,Apto,"Despejada, Seca",Noche,SI,Despejado,Buena,Sin Semáforo,Automóvil
1331,152969,2022-02-08,6:45:00,Urbana,,MEDRANO,,AVELLANEDA,,,1.0,1.0,0.0,2,0.0,Colisión entre vehículos,2,Asfalto,Apto,Seca,Amanecer,SI,Despejado,Buena,Sin Semáforo,Motocicleta
1332,152969,2022-02-08,6:45:00,Urbana,,MEDRANO,,AVELLANEDA,,,1.0,1.0,0.0,2,0.0,Colisión entre vehículos,2,Asfalto,Apto,Seca,Amanecer,SI,Despejado,Buena,Sin Semáforo,Motocicleta
1333,139975,2022-02-07,13:15:00,Urbana,Calle,DOMINGO LASTRA,3400,GALLARDO,,,2.0,0.0,0.0,2,0.0,Colisión entre vehículos,2,Asfalto,Apto,Seca,Día,NO,Despejado,Buena,Sin Semáforo,Automóvil
1334,139975,2022-02-07,13:15:00,Urbana,Calle,DOMINGO LASTRA,3400,GALLARDO,,,2.0,0.0,0.0,2,0.0,Colisión entre vehículos,2,Asfalto,Apto,Seca,Día,NO,Despejado,Buena,Sin Semáforo,Camioneta/Utilitario
1335,134807,2022-02-07,12:27:00,Urbana,Avenida,AV PUJOL,2178,,,,2.0,0.0,0.0,2,0.0,Colisión entre vehículos,2,Asfalto,Apto,Seca,Día,NO,Despejado,Buena,Sin Semáforo,Automóvil
1336,134807,2022-02-07,12:27:00,Urbana,Avenida,AV PUJOL,2178,,,,2.0,0.0,0.0,2,0.0,Colisión entre vehículos,2,Asfalto,Apto,Seca,Día,NO,Despejado,Buena,Sin Semáforo,Automóvil
1337,142761,2022-02-06,13:18:00,Urbana,Calle,SAN MARTIN,1100,SAN JUAN,,,1.0,1.0,0.0,2,0.0,Colisión entre vehículos,2,Asfalto,Apto,"Despejada, Seca",Día,NO,Despejado,Buena,Sin Semáforo,Transporte de pasajeros
1338,142761,2022-02-06,13:18:00,Urbana,Calle,SAN MARTIN,1100,SAN JUAN,,,1.0,1.0,0.0,2,0.0,Colisión entre vehículos,2,Asfalto,Apto,"Despejada, Seca",Día,NO,Despejado,Buena,Sin Semáforo,Motocicleta
1339,160683,2022-02-06,9:00:00,Urbana,Calle,9 DE julio,1000,LA RIOJA,-2.746.637,-5.883.795,2.0,0.0,0.0,2,0.0,Colisión entre vehículos,2,Asfalto,Apto,Despejada,Día,NO,Despejado,Buena,Funciona,Automóvil
1340,160683,2022-02-06,9:00:00,Urbana,Calle,9 DE julio,1000,LA RIOJA,-2.746.637,-5.883.795,2.0,0.0,0.0,2,0.0,Colisión entre vehículos,2,Asfalto,Apto,Despejada,Día,NO,Despejado,Buena,Funciona,Motocicleta
1341,165424,2022-02-06,11:18:00,Urbana,Avenida,AVENIDA CAZADORES CORRENTINOS,5003,YUGOSLAVIA,-2.748.851,-5.879.248,2.0,1.0,0.0,2,0.0,Colisión entre vehículos,2,Hormigón,Apto,Seca,,NO,Despejado,Buena,Sin Semáforo,Automóvil
1342,165424,2022-02-06,11:18:00,Urbana,Avenida,AVENIDA CAZADORES CORRENTINOS,5003,YUGOSLAVIA,-2.748.851,-5.879.248,2.0,1.0,0.0,2,0.0,Colisión entre vehículos,2,Hormigón,Apto,Seca,,NO,Despejado,Buena,Sin Semáforo,Motocicleta
1343,156532,2022-02-06,17:21:00,Urbana,Calle,ESPAÑA,,PELLEGRINI,,,2.0,0.0,0.0,2,0.0,Colisión entre vehículos,2,Asfalto,Apto,Seca,Atardecer,NO,Nublado,Buena,Sin Semáforo,Automóvil
1344,156532,2022-02-06,17:21:00,Urbana,Calle,ESPAÑA,,PELLEGRINI,,,2.0,0.0,0.0,2,0.0,Colisión entre vehículos,2,Asfalto,Apto,Seca,Atardecer,NO,Nublado,Buena,Sin Semáforo,Bicicleta
1345,146701,2022-02-05,7:58:00,Urbana,,25 DE mayo,,SALTA,,,2.0,0.0,0.0,2,0.0,Colisión entre vehículos,2,Asfalto,Apto,Seca,Día,NO,Despejado,Buena,Sin Semáforo,Automóvil
1346,146701,2022-02-05,7:58:00,Urbana,,25 DE mayo,,SALTA,,,2.0,0.0,0.0,2,0.0,Colisión entre vehículos,2,Asfalto,Apto,Seca,Día,NO,Despejado,Buena,Sin Semáforo,Automóvil
1347,168136,2022-02-05,8:48:00,Urbana,Calle,MENDOZA,965,,,,2.0,0.0,0.0,2,0.0,Colisión entre vehículos,2,Hormigón,Apto,Seca,Día,NO,Despejado,Buena,Sin Semáforo,Automóvil
1348,168136,2022-02-05,8:48:00,Urbana,Calle,MENDOZA,965,,,,2.0,0.0,0.0,2,0.0,Colisión entre vehículos,2,Hormigón,Apto,Seca,Día,NO,Despejado,Buena,Sin Semáforo,Automóvil
1349,171742,2022-02-04,22:15:00,Urbana,Avenida,AVDA. MAIPÚ,6400,,-2.752.182,-5.879.969,1.0,1.0,0.0,2,0.0,Colisión entre vehículos,2,Asfalto,Apto,"Despejada, Seca",Noche,SI,Despejado,Buena,Sin Semáforo,Motocicleta
1350,171742,2022-02-04,22:15:00,Urbana,Avenida,AVDA. MAIPÚ,6400,,-2.752.182,-5.879.969,1.0,1.0,0.0,2,0.0,Colisión entre vehículos,2,Asfalto,Apto,"Despejada, Seca",Noche,SI,Despejado,Buena,Sin Semáforo,Automóvil
1351,175447,2022-02-03,10:50:00,Urbana,Avenida,COSTANERA,500,SAN LUIS,,,1.0,1.0,0.0,2,0.0,Colisión entre vehículos,2,Asfalto,Apto,Seca,Día,,Despejado,,Sin Semáforo,Automóvil
1352,175447,2022-02-03,10:50:00,Urbana,Avenida,COSTANERA,500,SAN LUIS,,,1.0,1.0,0.0,2,0.0,Colisión entre vehículos,2,Asfalto,Apto,Seca,Día,,Despejado,,Sin Semáforo,Motocicleta
1353,139220,2022-02-03,12:39:00,Urbana,Avenida,AV INDEPENDENCIA,3300,REPUBLICA DOMINICANA,-2.747.879,-5.881.133,2.0,0.0,0.0,2,0.0,Colisión entre vehículos,2,Asfalto,,Seca,Día,,Despejado,Buena,Funciona,Automóvil
1354,139220,2022-02-03,12:39:00,Urbana,Avenida,AV INDEPENDENCIA,3300,REPUBLICA DOMINICANA,-2.747.879,-5.881.133,2.0,0.0,0.0,2,0.0,Colisión entre vehículos,2,Asfalto,,Seca,Día,,Despejado,Buena,Funciona,Automóvil
1355,141867,2022-02-03,11:30:00,Urbana,Calle,SAN MARTIN,1500,SAN LORENZO,,,1.0,1.0,0.0,2,0.0,Colisión entre vehículos,2,Asfalto,Apto,Seca,Día,SI,Despejado,Buena,Funciona,Automóvil
1356,141867,2022-02-03,11:30:00,Urbana,Calle,SAN MARTIN,1500,SAN LORENZO,,,1.0,1.0,0.0,2,0.0,Colisión entre vehículos,2,Asfalto,Apto,Seca,Día,SI,Despejado,Buena,Funciona,Motocicleta
1357,146722,2022-02-03,15:40:00,Urbana,Calle,,,FRANCIA,,,0.0,1.0,0.0,1,0.0,Caída desde vehículo,1,Asfalto,Apto,Mojada,Día,NO,Lluvia,Lluvia,Sin Semáforo,Motocicleta
1358,148997,2022-02-03,18:40:00,Urbana,Ruta Nacional,12,,MAIPU,,,1.0,0.0,0.0,1,0.0,Vuelco (solo 1 participante),1,Asfalto,Apto,Seca,Noche,SI,Despejado,Buena,Sin Semáforo,Transporte de carga
1359,155567,2022-02-03,16:50:00,Urbana,Calle,GUTEMBERG,1700,LAVALLE,-2.747.761,-5.883.154,1.0,1.0,0.0,2,0.0,Colisión entre vehículos,2,Asfalto,Apto,Seca,Día,SI,Despejado,Buena,Sin Semáforo,Automóvil
1360,155567,2022-02-03,16:50:00,Urbana,Calle,GUTEMBERG,1700,LAVALLE,-2.747.761,-5.883.154,1.0,1.0,0.0,2,0.0,Colisión entre vehículos,2,Asfalto,Apto,Seca,Día,SI,Despejado,Buena,Sin Semáforo,Motocicleta
1361,161552,2022-02-02,9:10:00,Urbana,,GOBDRNADOR CONTE,,GENERAL PAZ,,,2.0,0.0,0.0,2,0.0,Colisión entre vehículos,2,Asfalto,Apto,,Día,NO,Despejado,Buena,Sin Semáforo,Automóvil
1362,161552,2022-02-02,9:10:00,Urbana,,GOBDRNADOR CONTE,,GENERAL PAZ,,,2.0,0.0,0.0,2,0.0,Colisión entre vehículos,2,Asfalto,Apto,,Día,NO,Despejado,Buena,Sin Semáforo,Automóvil
1363,151215,2022-02-02,9:18:00,Urbana,,CORDOBA,,BELGRANO,,,4.0,0.0,0.0,2,0.0,Colisión entre vehículos,2,Asfalto,Apto,Seca,Día,NO,Despejado,Buena,Sin Semáforo,Automóvil
1364,151215,2022-02-02,9:18:00,Urbana,,CORDOBA,,BELGRANO,,,4.0,0.0,0.0,2,0.0,Colisión entre vehículos,2,Asfalto,Apto,Seca,Día,NO,Despejado,Buena,Sin Semáforo,Automóvil
1365,176154,2022-02-02,13:20:00,Urbana,Calle,LUIS BRAILE,3535,,,,0.0,1.0,0.0,1,0.0,Vuelco (solo 1 participante),1,Asfalto,Apto,Seca,Día,,Despejado,,S/D,Automóvil
1366,140918,2022-02-02,22:20:00,Urbana,Calle,9 DE julio,750,ROCA,,,1.0,1.0,0.0,2,0.0,Colisión entre vehículos,2,Asfalto,Apto,Seca,Noche,SI,Despejado,Buena,Sin Semáforo,Motocicleta
1367,140918,2022-02-02,22:20:00,Urbana,Calle,9 DE julio,750,ROCA,,,1.0,1.0,0.0,2,0.0,Colisión entre vehículos,2,Asfalto,Apto,Seca,Noche,SI,Despejado,Buena,Sin Semáforo,Bicicleta
1368,148953,2022-02-02,9:45:00,Urbana,Avenida,AV J.R FERNANDEZ,200,,,,0.0,2.0,0.0,1,1.0,Atropello a peatón/es,2,Asfalto,Apto,Seca,Día,NO,Despejado,Buena,Funciona,Motocicleta
1369,148953,2022-02-02,9:45:00,Urbana,Avenida,AV J.R FERNANDEZ,200,,,,0.0,2.0,0.0,1,1.0,Atropello a peatón/es,2,Asfalto,Apto,Seca,Día,NO,Despejado,Buena,Funciona,Peatón
1370,147419,2022-02-01,11:55:00,Urbana,,JOSE INGENIERO,410,,,,2.0,0.0,0.0,2,0.0,Colisión entre vehículos,2,Asfalto,Apto,"Despejada, Seca",Día,NO,Despejado,Buena,Sin Semáforo,Motocicleta
1371,147419,2022-02-01,11:55:00,Urbana,,JOSE INGENIERO,410,,,,2.0,0.0,0.0,2,0.0,Colisión entre vehículos,2,Asfalto,Apto,"Despejada, Seca",Día,NO,Despejado,Buena,Sin Semáforo,Camioneta/Utilitario
1372,162767,2022-02-01,14:30:00,Urbana,Calle,SUIZA,2900,RECONQUISTA,-2.747.585,-5.881.283,2.0,1.0,0.0,3,0.0,Colisión entre vehículos,3,Asfalto,Apto,"Despejada, Seca",Día,NO,Despejado,Buena,Sin Semáforo,Automóvil
1373,162767,2022-02-01,14:30:00,Urbana,Calle,SUIZA,2900,RECONQUISTA,-2.747.585,-5.881.283,2.0,1.0,0.0,3,0.0,Colisión entre vehículos,3,Asfalto,Apto,"Despejada, Seca",Día,NO,Despejado,Buena,Sin Semáforo,Motocicleta
1374,162767,2022-02-01,14:30:00,Urbana,Calle,SUIZA,2900,RECONQUISTA,-2.747.585,-5.881.283,2.0,1.0,0.0,3,0.0,Colisión entre vehículos,3,Asfalto,Apto,"Despejada, Seca",Día,NO,Despejado,Buena,Sin Semáforo,Motocicleta
1375,145178,2022-02-01,17:50:00,Urbana,,HIPOLITO YRIGOYEN,,PARAGUAY,,,3.0,0.0,0.0,3,0.0,Colisión entre vehículos,3,Asfalto,Apto,Seca,Día,NO,Despejado,Buena,Sin Semáforo,Automóvil
1376,145178,2022-02-01,17:50:00,Urbana,,HIPOLITO YRIGOYEN,,PARAGUAY,,,3.0,0.0,0.0,3,0.0,Colisión entre vehículos,3,Asfalto,Apto,Seca,Día,NO,Despejado,Buena,Sin Semáforo,Camioneta/Utilitario
1377,145178,2022-02-01,17:50:00,Urbana,,HIPOLITO YRIGOYEN,,PARAGUAY,,,3.0,0.0,0.0,3,0.0,Colisión entre vehículos,3,Asfalto,Apto,Seca,Día,NO,Despejado,Buena,Sin Semáforo,Transporte de pasajeros
1378,169870,2022-01-31,9:25:00,Urbana,Calle,BRASIL,700,CARLOS PELLEGRINI,-2.746.651,-5.882.376,1.0,1.0,0.0,2,0.0,Colisión entre vehículos,2,Asfalto,Apto,Seca,Día,NO,Despejado,Buena,Sin Semáforo,Motocicleta
1379,169870,2022-01-31,9:25:00,Urbana,Calle,BRASIL,700,CARLOS PELLEGRINI,-2.746.651,-5.882.376,1.0,1.0,0.0,2,0.0,Colisión entre vehículos,2,Asfalto,Apto,Seca,Día,NO,Despejado,Buena,Sin Semáforo,Camioneta/Utilitario
1380,139238,2022-01-31,13:10:00,Urbana,Ruta Nacional,12,1031,,,,1.0,1.0,0.0,2,0.0,Colisión entre vehículos,2,Asfalto,Apto,Seca,Día,NO,Despejado,Buena,,Motocicleta
1381,139238,2022-01-31,13:10:00,Urbana,Ruta Nacional,12,1031,,,,1.0,1.0,0.0,2,0.0,Colisión entre vehículos,2,Asfalto,Apto,Seca,Día,NO,Despejado,Buena,,Automóvil
1382,153894,2022-01-31,18:14:00,Urbana,,MENDOZA,1387,,,,2.0,0.0,0.0,2,0.0,Colisión entre vehículos,2,Asfalto,Apto,Seca,Día,NO,Despejado,Buena,,Motocicleta