,id_feu,siniestro_fecha,siniestro_hora,zona_ocurrencia,via_publica,nombre_via,altura_km,entre_calle_1,latitud,longitud,ilesos,heridos,fallecidos,vehiculos,peatones,tipo_siniestro_unico,cantidad_de_involucrados,material_de_la_calzada,estado_de_la_calzada,estado_fisico_ambiental,luminosidad,luz_artificial,estado_ambiental,visibilidad,semaforo,tipo_involucrado
1383,153894,2022-01-31,18:14:00,Urbana,,MENDOZA,1387,,,,2.0,0.0,0.0,2,0.0,Colisión entre vehículos,2,Asfalto,Apto,Seca,Día,NO,Despejado,Buena,,Motocicleta
1384,134814,2022-01-30,12:30:00,Urbana,Avenida,AV. INDEPENDENCIA,3700,TACUARI,,,1.0,1.0,0.0,2,0.0,Colisión entre vehículos,2,Asfalto,Apto,Seca,Día,NO,Despejado,Buena,Funciona,Automóvil
1385,134814,2022-01-30,12:30:00,Urbana,Avenida,AV. INDEPENDENCIA,3700,TACUARI,,,1.0,1.0,0.0,2,0.0,Colisión entre vehículos,2,Asfalto,Apto,Seca,Día,NO,Despejado,Buena,Funciona,Motocicleta
1386,137593,2022-01-30,19:19:00,Urbana,Avenida,AV. JUAN DE VERA,,SALTA,,,1.0,1.0,0.0,2,0.0,Colisión entre vehículos,2,Asfalto,Apto,Seca,Día,NO,Despejado,Buena,,Automóvil
1387,137593,2022-01-30,19:19:00,Urbana,Avenida,AV. JUAN DE VERA,,SALTA,,,1.0,1.0,0.0,2,0.0,Colisión entre vehículos,2,Asfalto,Apto,Seca,Día,NO,Despejado,Buena,,Motocicleta
1388,139258,2022-01-29,9:40:00,Urbana,Avenida,AV PEDRO FERRE,2600,,,,0.0,1.0,0.0,1,0.0,Caída desde vehículo,1,Asfalto,Apto,Seca,Día,NO,Despejado,Buena,Funciona,Motocicleta
1389,147089,2022-01-27,15:25:00,,Avenida,MORSE,,RAUL ALFONSIN,,,3.0,0.0,0.0,3,0.0,Colisión entre vehículos,3,Hormigón,Apto,Seca,Día,NO,Despejado,Buena,Funciona,Automóvil
1390,147089,2022-01-27,15:25:00,,Avenida,MORSE,,RAUL ALFONSIN,,,3.0,0.0,0.0,3,0.0,Colisión entre vehículos,3,Hormigón,Apto,Seca,Día,NO,Despejado,Buena,Funciona,Automóvil
1391,147089,2022-01-27,15:25:00,,Avenida,MORSE,,RAUL ALFONSIN,,,3.0,0.0,0.0,3,0.0,Colisión entre vehículos,3,Hormigón,Apto,Seca,Día,NO,Despejado,Buena,Funciona,Motocicleta
1392,167696,2022-01-26,12:30:00,Urbana,Avenida,AVENIDA RAÚL AALFONSIN,4280,,-2.747.486,-5.879.862,2.0,0.0,0.0,2,0.0,Colisión entre vehículos,2,Hormigón,Apto,Seca,Día,NO,Despejado,Buena,Sin Semáforo,Automóvil
1393,167696,2022-01-26,12:30:00,Urbana,Avenida,AVENIDA RAÚL AALFONSIN,4280,,-2.747.486,-5.879.862,2.0,0.0,0.0,2,0.0,Colisión entre vehículos,2,Hormigón,Apto,Seca,Día,NO,Despejado,Buena,Sin Semáforo,Motocicleta
1394,171741,2022-01-26,12:15:00,Urbana,Calle,AGUSTÍN ONTIVEROS,1000,ÁNGEL HEREDIA,-2.747.183,-5.879.149,1.0,1.0,0.0,2,0.0,Choque,2,Asfalto,Apto,"Despejada, Seca",Día,NO,Despejado,Buena,Sin Semáforo,Automóvil
1395,171741,2022-01-26,12:15:00,Urbana,Calle,AGUSTÍN ONTIVEROS,1000,ÁNGEL HEREDIA,-2.747.183,-5.879.149,1.0,1.0,0.0,2,0.0,Choque,2,Asfalto,Apto,"Despejada, Seca",Día,NO,Despejado,Buena,Sin Semáforo,Motocicleta
1396,139935,2022-01-25,9:10:00,Urbana,Calle,LAS PIEDRAS,2400,ZAPIOLA,,,2.0,1.0,0.0,1,0.0,Despiste,1,Asfalto,Apto,Seca,Día,NO,Despejado,Buena,Sin Semáforo,Automóvil
1397,165428,2022-01-25,6:10:00,Urbana,Avenida,AVENIDA 3 DE ABRIL,1700,ESPAÑA,-2.747.635,-5.883.013,1.0,1.0,0.0,2,0.0,Colisión entre vehículos,2,Asfalto,Apto,Seca,Amanecer,SI,Despejado,Buena,Funciona,Motocicleta
1398,165428,2022-01-25,6:10:00,Urbana,Avenida,AVENIDA 3 DE ABRIL,1700,ESPAÑA,-2.747.635,-5.883.013,1.0,1.0,0.0,2,0.0,Colisión entre vehículos,2,Asfalto,Apto,Seca,Amanecer,SI,Despejado,Buena,Funciona,Motocicleta
1399,165349,2022-01-24,13:50:00,Urbana,Calle,SUIZA,3100,RECONQUISTA,-2.747.576,-5.881.275,1.0,2.0,0.0,2,0.0,,2,Asfalto,Apto,"Despejada, Seca",Día,NO,Despejado,Buena,Sin Semáforo,Automóvil
1400,165349,2022-01-24,13:50:00,Urbana,Calle,SUIZA,3100,RECONQUISTA,-2.747.576,-5.881.275,1.0,2.0,0.0,2,0.0,,2,Asfalto,Apto,"Despejada, Seca",Día,NO,Despejado,Buena,Sin Semáforo,Motocicleta
1401,166829,2022-01-24,10:50:00,Urbana,Calle,SIMÓN BOLÍVAR,2300,PERÚ,-2.747.240,-5.882.188,2.0,0.0,0.0,2,0.0,Colisión entre vehículos,2,Asfalto,Apto,Despejada,Día,NO,Despejado,Buena,Sin Semáforo,Automóvil
1402,166829,2022-01-24,10:50:00,Urbana,Calle,SIMÓN BOLÍVAR,2300,PERÚ,-2.747.240,-5.882.188,2.0,0.0,0.0,2,0.0,Colisión entre vehículos,2,Asfalto,Apto,Despejada,Día,NO,Despejado,Buena,Sin Semáforo,Otro
1403,146708,2022-01-24,12:50:00,,,RESOAGLI,,CARTAGENA,,,2.0,0.0,0.0,2,0.0,Colisión entre vehículos,2,Asfalto,Apto,Seca,Día,NO,Despejado,Buena,Sin Semáforo,Automóvil
1404,146708,2022-01-24,12:50:00,,,RESOAGLI,,CARTAGENA,,,2.0,0.0,0.0,2,0.0,Colisión entre vehículos,2,Asfalto,Apto,Seca,Día,NO,Despejado,Buena,Sin Semáforo,Motocicleta
1405,134818,2022-01-24,7:50:00,Urbana,Avenida,CARTAGENA,,RECONQUISTA,,,1.0,1.0,0.0,2,0.0,Colisión entre vehículos,2,Asfalto,Apto,Seca,Día,NO,Despejado,Buena,,Automóvil
1406,134818,2022-01-24,7:50:00,Urbana,Avenida,CARTAGENA,,RECONQUISTA,,,1.0,1.0,0.0,2,0.0,Colisión entre vehículos,2,Asfalto,Apto,Seca,Día,NO,Despejado,Buena,,Motocicleta
1407,138492,2022-01-24,13:36:00,Urbana,Calle,25 DE mayo,1500,SAN LORENZO,-2.746.477,-5.883.141,1.0,2.0,0.0,2,0.0,Colisión entre vehículos,2,Asfalto,Apto,Seca,Día,NO,Despejado,,Sin Semáforo,Motocicleta
1408,138492,2022-01-24,13:36:00,Urbana,Calle,25 DE mayo,1500,SAN LORENZO,-2.746.477,-5.883.141,1.0,2.0,0.0,2,0.0,Colisión entre vehículos,2,Asfalto,Apto,Seca,Día,NO,Despejado,,Sin Semáforo,Automóvil
1409,135568,2022-01-24,10:15:00,Urbana,Avenida,AV ARMENIA,3900,22 DE mayo,,,1.0,1.0,0.0,2,0.0,Colisión entre vehículos,2,Asfalto,Apto,Seca,Día,NO,Despejado,Buena,,Camioneta/Utilitario
1410,135568,2022-01-24,10:15:00,Urbana,Avenida,AV ARMENIA,3900,22 DE mayo,,,1.0,1.0,0.0,2,0.0,Colisión entre vehículos,2,Asfalto,Apto,Seca,Día,NO,Despejado,Buena,,Motocicleta
1411,137573,2022-01-23,19:15:00,Urbana,Ruta Nacional,12,1035,,,,1.0,1.0,0.0,2,0.0,Colisión entre vehículos,2,Asfalto,Apto,Seca,Día,NO,Despejado,Buena,,Automóvil
1412,137573,2022-01-23,19:15:00,Urbana,Ruta Nacional,12,1035,,,,1.0,1.0,0.0,2,0.0,Colisión entre vehículos,2,Asfalto,Apto,Seca,Día,NO,Despejado,Buena,,Motocicleta
1413,143762,2022-01-23,8:00:00,Urbana,Calle,GENERAL PAZ,1300,VARGAS GOMEZ,,,1.0,1.0,0.0,2,0.0,Colisión entre vehículos,2,Asfalto,Apto,Seca,Día,NO,Despejado,Buena,Sin Semáforo,Automóvil
1414,143762,2022-01-23,8:00:00,Urbana,Calle,GENERAL PAZ,1300,VARGAS GOMEZ,,,1.0,1.0,0.0,2,0.0,Colisión entre vehículos,2,Asfalto,Apto,Seca,Día,NO,Despejado,Buena,Sin Semáforo,Motocicleta
1415,163589,2022-01-23,12:00:00,Urbana,Avenida,LAS HERAS,2555,AVDA. SANTA ROSA,,,1.0,1.0,0.0,1,1.0,Colisión entre vehículos,2,Asfalto,Apto,"Despejada, Seca",Día,NO,Nublado,Buena,Sin Semáforo,Motocicleta
1416,163589,2022-01-23,12:00:00,Urbana,Avenida,LAS HERAS,2555,AVDA. SANTA ROSA,,,1.0,1.0,0.0,1,1.0,Colisión entre vehículos,2,Asfalto,Apto,"Despejada, Seca",Día,NO,Nublado,Buena,Sin Semáforo,Peatón
1417,165386,2022-01-22,14:02:00,Urbana,Avenida,AVENIDA SARMIENTO,2200,AVIADOR JOSÉ CORREA FERNÁNDEZ,-2.748.325,-5.883.089,1.0,2.0,0.0,2,0.0,Colisión entre vehículos,2,Asfalto,Apto,Seca,Día,NO,,,Funciona,Automóvil
1418,165386,2022-01-22,14:02:00,Urbana,Avenida,AVENIDA SARMIENTO,2200,AVIADOR JOSÉ CORREA FERNÁNDEZ,-2.748.325,-5.883.089,1.0,2.0,0.0,2,0.0,Colisión entre vehículos,2,Asfalto,Apto,Seca,Día,NO,,,Funciona,Motocicleta
1419,139277,2022-01-20,9:50:00,Urbana,Calle,H. IRIGOYEN,900,PARAGUAY,,,1.0,1.0,0.0,2,0.0,Colisión entre vehículos,2,Asfalto,Apto,Seca,Día,NO,Despejado,Buena,Sin Semáforo,Automóvil
1420,139277,2022-01-20,9:50:00,Urbana,Calle,H. IRIGOYEN,900,PARAGUAY,,,1.0,1.0,0.0,2,0.0,Colisión entre vehículos,2,Asfalto,Apto,Seca,Día,NO,Despejado,Buena,Sin Semáforo,Motocicleta
1421,140969,2022-01-20,6:50:00,Urbana,Avenida,AV. ALTA GRACIA,,LOS TEHUELCHES,,,1.0,0.0,0.0,1,0.0,Colisión entre vehículos,1,Hormigón,Apto,Seca,Día,NO,Despejado,Buena,Sin Semáforo,Automóvil
1422,166827,2022-01-19,10:30:00,Urbana,Avenida,AVENIDA CHACABUCO,2220,MADARIAGA,-2.748.549,-5.881.604,1.0,1.0,0.0,2,0.0,Colisión entre vehículos,2,Asfalto,Apto,,Día,NO,Despejado,Buena,,Motocicleta
1423,166827,2022-01-19,10:30:00,Urbana,Avenida,AVENIDA CHACABUCO,2220,MADARIAGA,-2.748.549,-5.881.604,1.0,1.0,0.0,2,0.0,Colisión entre vehículos,2,Asfalto,Apto,,Día,NO,Despejado,Buena,,Automóvil
1424,169153,2022-01-18,13:30:00,Urbana,Calle,SANTA FE,1100,SAN MARTÍN,-2.747.038,-5.883.074,1.0,2.0,0.0,2,0.0,Colisión entre vehículos,2,Asfalto,Apto,Seca,Día,SI,Despejado,Buena,Funciona,Motocicleta
1425,169153,2022-01-18,13:30:00,Urbana,Calle,SANTA FE,1100,SAN MARTÍN,-2.747.038,-5.883.074,1.0,2.0,0.0,2,0.0,Colisión entre vehículos,2,Asfalto,Apto,Seca,Día,SI,Despejado,Buena,Funciona,Automóvil
1426,169155,2022-01-17,17:25:00,Urbana,Calle,GUASTAVINO,1700,LAVALLE,-2.747.627,-5.884.315,2.0,0.0,0.0,2,0.0,Colisión entre vehículos,2,Asfalto,Apto,"Despejada, Seca",Día,NO,Despejado,Buena,Sin Semáforo,Automóvil
1427,169155,2022-01-17,17:25:00,Urbana,Calle,GUASTAVINO,1700,LAVALLE,-2.747.627,-5.884.315,2.0,0.0,0.0,2,0.0,Colisión entre vehículos,2,Asfalto,Apto,"Despejada, Seca",Día,NO,Despejado,Buena,Sin Semáforo,Camioneta/Utilitario
1428,139741,2022-01-17,12:20:00,Urbana,Calle,ONTIVEROS,1200,AV. ALFONSIN,-2.747.591,-5.879.265,0.0,1.0,0.0,1,0.0,Colisión entre vehículos,1,Asfalto,Apto,Seca,Día,NO,Despejado,Buena,Sin Semáforo,Motocicleta
1429,139747,2022-01-17,7:40:00,Urbana,Calle,CARTAGENA,3500,MEDRANO,-2.749.661,-5.880.036,1.0,0.0,0.0,1,0.0,Colisión entre vehículos,1,Asfalto,Apto,Seca,Día,NO,Despejado,Buena,Sin Semáforo,Automóvil
1430,165291,2022-01-16,9:20:00,Urbana,Calle,SAN JUAN,900,,-2.746.764,-5.883.674,2.0,0.0,0.0,2,0.0,Colisión entre vehículos,2,Asfalto,Apto,Seca,Día,NO,Despejado,Buena,Sin Semáforo,Automóvil
1431,165291,2022-01-16,9:20:00,Urbana,Calle,SAN JUAN,900,,-2.746.764,-5.883.674,2.0,0.0,0.0,2,0.0,Colisión entre vehículos,2,Asfalto,Apto,Seca,Día,NO,Despejado,Buena,Sin Semáforo,Automóvil
1432,165372,2022-01-15,17:27:00,Urbana,Calle,SANCHEZ BUSTAMANTE,1100,PALERMO,-2.747.568,-5.878.741,1.0,1.0,0.0,2,0.0,Colisión entre vehículos,2,Asfalto,Apto,Seca,Día,SI,Despejado,Buena,Sin Semáforo,Automóvil
1433,165372,2022-01-15,17:27:00,Urbana,Calle,SANCHEZ BUSTAMANTE,1100,PALERMO,-2.747.568,-5.878.741,1.0,1.0,0.0,2,0.0,Colisión entre vehículos,2,Asfalto,Apto,Seca,Día,SI,Despejado,Buena,Sin Semáforo,Motocicleta
1434,169871,2022-01-15,11:30:00,Urbana,Avenida,AVENIDA GOBERNADOR JUAN PUJOL,2220,,-2.746.691,-5.882.250,2.0,0.0,0.0,2,0.0,Colisión entre vehículos,2,Asfalto,Apto,Despejada,Día,NO,Despejado,Buena,Sin Semáforo,Automóvil
1435,169871,2022-01-15,11:30:00,Urbana,Avenida,AVENIDA GOBERNADOR JUAN PUJOL,2220,,-2.746.691,-5.882.250,2.0,0.0,0.0,2,0.0,Colisión entre vehículos,2,Asfalto,Apto,Despejada,Día,NO,Despejado,Buena,Sin Semáforo,Camioneta/Utilitario
1436,133385,2022-01-13,20:00:00,Urbana,Calle,SAN LUIS,600,JUNIN,,,1.0,1.0,0.0,2,0.0,Colisión entre vehículos,2,Asfalto,Apto,Seca,Atardecer,NO,Despejado,Buena,Sin Semáforo,Camioneta/Utilitario
1437,133385,2022-01-13,20:00:00,Urbana,Calle,SAN LUIS,600,JUNIN,,,1.0,1.0,0.0,2,0.0,Colisión entre vehículos,2,Asfalto,Apto,Seca,Atardecer,NO,Despejado,Buena,Sin Semáforo,Motocicleta
1438,155612,2022-01-13,7:45:00,Urbana,Avenida,AV ARMENIA,3100,,,,0.0,1.0,0.0,1,0.0,Caída desde vehículo,1,Asfalto,Apto,"Despejada, Seca",Día,NO,Despejado,Buena,Sin Semáforo,Motocicleta
1439,135573,2022-01-12,11:05:00,Urbana,Calle,GUEMES,1400,,,,1.0,0.0,0.0,1,0.0,Caída desde vehículo,1,Asfalto,Apto,Seca,Día,NO,Despejado,Buena,,Bicicleta
1440,163586,2022-01-11,6:10:00,Urbana,Avenida,AVDA. INDEPENDENCIA,4799,SÁENZ,-2.748.270,-5.879.365,1.0,2.0,0.0,2,0.0,Colisión entre vehículos,2,Asfalto,Apto,"Despejada, Seca",Amanecer,SI,Despejado,Buena,Funciona,Automóvil
1441,163586,2022-01-11,6:10:00,Urbana,Avenida,AVDA. INDEPENDENCIA,4799,SÁENZ,-2.748.270,-5.879.365,1.0,2.0,0.0,2,0.0,Colisión entre vehículos,2,Asfalto,Apto,"Despejada, Seca",Amanecer,SI,Despejado,Buena,Funciona,Motocicleta
1442,143756,2022-01-11,17:30:00,Urbana,Avenida,AV. INDEPENDENCIA,4800,SAENZ,,,1.0,1.0,0.0,2,0.0,Colisión entre vehículos,2,Hormigón,Apto,Seca,Día,NO,Despejado,Buena,Funciona,Motocicleta
1443,143756,2022-01-11,17:30:00,Urbana,Avenida,AV. INDEPENDENCIA,4800,SAENZ,,,1.0,1.0,0.0,2,0.0,Colisión entre vehículos,2,Hormigón,Apto,Seca,Día,NO,Despejado,Buena,Funciona,Transporte de carga
1444,156554,2022-01-10,16:15:00,Urbana,Calle,CHACO,,BELGRAN O,,,2.0,0.0,0.0,2,0.0,Colisión entre vehículos,2,,,,,,,,,Automóvil
1445,156554,2022-01-10,16:15:00,Urbana,Calle,CHACO,,BELGRAN O,,,2.0,0.0,0.0,2,0.0,Colisión entre vehículos,2,,,,,,,,,Automóvil
1446,163591,2022-01-10,19:31:00,Urbana,Avenida,AVDA. RAÚL ALFONSÍN,5100,SÁNCHEZ DE BUSTAMANTE,-2.747.685,-5.878.792,1.0,1.0,0.0,2,0.0,Colisión entre vehículos,2,Asfalto,Apto,"Despejada, Seca",Atardecer,SI,Nublado,Buena,Sin Semáforo,Automóvil
1447,163591,2022-01-10,19:31:00,Urbana,Avenida,AVDA. RAÚL ALFONSÍN,5100,SÁNCHEZ DE BUSTAMANTE,-2.747.685,-5.878.792,1.0,1.0,0.0,2,0.0,Colisión entre vehículos,2,Asfalto,Apto,"Despejada, Seca",Atardecer,SI,Nublado,Buena,Sin Semáforo,Motocicleta
1448,166824,2022-01-10,22:10:00,Urbana,Avenida,AVENIDA TENIENTE IBÁÑEZ,1500,GOBERNADOR VELZCO,-2.748.556,-5.883.389,1.0,1.0,0.0,2,0.0,Colisión entre vehículos,2,Hormigón,Apto,Seca,Noche,SI,Despejado,Buena,Sin Semáforo,Automóvil
1449,166824,2022-01-10,22:10:00,Urbana,Avenida,AVENIDA TENIENTE IBÁÑEZ,1500,GOBERNADOR VELZCO,-2.748.556,-5.883.389,1.0,1.0,0.0,2,0.0,Colisión entre vehículos,2,Hormigón,Apto,Seca,Noche,SI,Despejado,Buena,Sin Semáforo,Motocicleta
1450,142715,2022-01-09,20:15:00,Urbana,Calle,TACUARI,1700,,,,1.0,2.0,0.0,2,0.0,Colisión entre vehículos,2,Asfalto,Apto,Mojada,Noche,SI,Nublado,Buena,Sin Semáforo,Automóvil
1451,142715,2022-01-09,20:15:00,Urbana,Calle,TACUARI,1700,,,,1.0,2.0,0.0,2,0.0,Colisión entre vehículos,2,Asfalto,Apto,Mojada,Noche,SI,Nublado,Buena,Sin Semáforo,Motocicleta
1452,169892,2022-01-09,13:30:00,Urbana,Avenida,AVENIDA INDEPENDENCIA,4400,MEDRANO,-2.748.155,-5.879.838,0.0,1.0,1.0,1,1.0,Atropello a peatón/es,2,Asfalto,Apto,Seca,Día,NO,Despejado,Buena,Funciona,Motocicleta
1453,169892,2022-01-09,13:30:00,Urbana,Avenida,AVENIDA INDEPENDENCIA,4400,MEDRANO,-2.748.155,-5.879.838,0.0,1.0,1.0,1,1.0,Atropello a peatón/es,2,Asfalto,Apto,Seca,Día,NO,Despejado,Buena,Funciona,Peatón
1454,156533,2022-01-09,21:37:00,Urbana,,CARTAGENA,,RECONQUISTA,,,1.0,1.0,0.0,2,0.0,Colisión entre vehículos,2,Asfalto,Apto,Seca,Noche,SI,Nublado,Buena,,Automóvil
1455,156533,2022-01-09,21:37:00,Urbana,,CARTAGENA,,RECONQUISTA,,,1.0,1.0,0.0,2,0.0,Colisión entre vehículos,2,Asfalto,Apto,Seca,Noche,SI,Nublado,Buena,,Motocicleta
1456,169865,2022-01-09,16:40:00,Urbana,Avenida,INDEPENDENCIA,4100,LAS PIEDRAS,-2.748.101,-5.880.054,1.0,1.0,0.0,2,0.0,Colisión entre vehículos,2,Asfalto,Apto,"Despejada, Seca",Día,NO,Despejado,Buena,Funciona,Automóvil
1457,169865,2022-01-09,16:40:00,Urbana,Avenida,INDEPENDENCIA,4100,LAS PIEDRAS,-2.748.101,-5.880.054,1.0,1.0,0.0,2,0.0,Colisión entre vehículos,2,Asfalto,Apto,"Despejada, Seca",Día,NO,Despejado,Buena,Funciona,Motocicleta
1458,136354,2022-01-08,9:00:00,Urbana,Avenida,AV TENIENTE IBAÑES,800,,-2.748.475,-5.884.301,0.0,1.0,0.0,1,0.0,Colisión entre vehículos,1,Asfalto,,,Día,NO,,,Sin Semáforo,Motocicleta
1459,152053,2022-01-08,4:20:00,Urbana,Ruta Provincial,RUTA PROVINCIAL 5,,,,,1.0,0.0,0.0,1,0.0,Despiste,1,Asfalto,Apto,Despejada,Noche,SI,Despejado,Buena,Sin Semáforo,Motocicleta
1460,139231,2022-01-07,9:50:00,Urbana,Calle,GDOR CONTTE,1800,GRAL PAZ,,,2.0,0.0,0.0,2,0.0,Colisión entre vehículos,2,Asfalto,Apto,Seca,Día,NO,Despejado,Buena,Sin Semáforo,Automóvil
1461,139231,2022-01-07,9:50:00,Urbana,Calle,GDOR CONTTE,1800,GRAL PAZ,,,2.0,0.0,0.0,2,0.0,Colisión entre vehículos,2,Asfalto,Apto,Seca,Día,NO,Despejado,Buena,Sin Semáforo,Automóvil
1462,139253,2022-01-07,12:30:00,Urbana,Avenida,AV PATAGONIA,1700,AV SARMIENTO,,,1.0,1.0,0.0,2,0.0,Colisión entre vehículos,2,Asfalto,Apto,Seca,Día,NO,Despejado,Buena,Funciona,Automóvil
1463,139253,2022-01-07,12:30:00,Urbana,Avenida,AV PATAGONIA,1700,AV SARMIENTO,,,1.0,1.0,0.0,2,0.0,Colisión entre vehículos,2,Asfalto,Apto,Seca,Día,NO,Despejado,Buena,Funciona,Motocicleta
1464,151212,2022-01-07,16:02:00,Urbana,Avenida,AV MAIPU,4500,TILCARA,,,2.0,0.0,0.0,2,0.0,Colisión entre vehículos,2,Asfalto,Apto,"Despejada, Seca",Día,NO,Despejado,Buena,Funciona,Automóvil
1465,151212,2022-01-07,16:02:00,Urbana,Avenida,AV MAIPU,4500,TILCARA,,,2.0,0.0,0.0,2,0.0,Colisión entre vehículos,2,Asfalto,Apto,"Despejada, Seca",Día,NO,Despejado,Buena,Funciona,Automóvil
1466,167701,2022-01-06,3:45:00,Urbana,Calle,CARTAGENA,3100,RECONQUISTA,-2.749.238,-5.881.576,2.0,0.0,0.0,2,0.0,Colisión entre vehículos,2,Hormigón,Apto,"Despejada, Seca",Noche,SI,Despejado,Buena,Sin Semáforo,Automóvil
1467,167701,2022-01-06,3:45:00,Urbana,Calle,CARTAGENA,3100,RECONQUISTA,-2.749.238,-5.881.576,2.0,0.0,0.0,2,0.0,Colisión entre vehículos,2,Hormigón,Apto,"Despejada, Seca",Noche,SI,Despejado,Buena,Sin Semáforo,Motocicleta
1468,151167,2022-01-05,19:10:00,Urbana,Ruta Nacional,12,1025/200,,,,1.0,0.0,0.0,1,0.0,Vuelco (solo 1 participante),1,Asfalto,Apto,"Despejada, Seca",Noche,SI,Despejado,,Sin Semáforo,Automóvil
1469,164586,2022-01-05,14:00:00,Urbana,Calle,EX VIA,3120,,,,2.0,1.0,0.0,1,1.0,Atropello a peatón/es,2,Asfalto,Apto,"Despejada, Seca",Día,NO,Despejado,Buena,Sin Semáforo,Automóvil
1470,164586,2022-01-05,14:00:00,Urbana,Calle,EX VIA,3120,,,,2.0,1.0,0.0,1,1.0,Atropello a peatón/es,2,Asfalto,Apto,"Despejada, Seca",Día,NO,Despejado,Buena,Sin Semáforo,Peatón
1471,174253,2022-01-05,10:20:00,Urbana,Calle,AV. VERA,1158,,,,1.0,1.0,0.0,2,0.0,Colisión entre vehículos,2,Asfalto,Apto,Seca,Día,,Despejado,,S/D,Motocicleta
1472,174253,2022-01-05,10:20:00,Urbana,Calle,AV. VERA,1158,,,,1.0,1.0,0.0,2,0.0,Colisión entre vehículos,2,Asfalto,Apto,Seca,Día,,Despejado,,S/D,Camioneta/Utilitario
1473,137052,2022-01-04,10:24:00,Urbana,Calle,ROCA,1457,,,,2.0,0.0,0.0,2,0.0,Colisión entre vehículos,2,Asfalto,Apto,Seca,Día,NO,Despejado,Buena,,Automóvil
1474,137052,2022-01-04,10:24:00,Urbana,Calle,ROCA,1457,,,,2.0,0.0,0.0,2,0.0,Colisión entre vehículos,2,Asfalto,Apto,Seca,Día,NO,Despejado,Buena,,Camioneta/Utilitario
1475,139240,2022-01-04,13:30:00,Urbana,Avenida,AV. RAUL ALFONSIN,5100,,,,1.0,1.0,0.0,2,0.0,Colisión entre vehículos,2,Asfalto,Apto,Seca,Día,NO,Despejado,Buena,Sin Semáforo,Motocicleta
1476,139240,2022-01-04,13:30:00,Urbana,Avenida,AV. RAUL ALFONSIN,5100,,,,1.0,1.0,0.0,2,0.0,Colisión entre vehículos,2,Asfalto,Apto,Seca,Día,NO,Despejado,Buena,Sin Semáforo,Automóvil
1477,152971,2022-01-03,14:43:00,Urbana,Calle,JUJUY,,BELGRANO,,,1.0,1.0,0.0,2,0.0,Colisión entre vehículos,2,Asfalto,Apto,Seca,Día,NO,Despejado,Buena,Sin Semáforo,Automóvil
1478,152971,2022-01-03,14:43:00,Urbana,Calle,JUJUY,,BELGRANO,,,1.0,1.0,0.0,2,0.0,Colisión entre vehículos,2,Asfalto,Apto,Seca,Día,NO,Despejado,Buena,Sin Semáforo,Motocicleta
1479,151192,2022-01-03,7:20:00,Urbana,,MORENO,,JUJUY,,,1.0,1.0,0.0,2,0.0,Colisión entre vehículos,2,Asfalto,Apto,Seca,Día,NO,Despejado,Buena,Sin Semáforo,Automóvil
1480,151192,2022-01-03,7:20:00,Urbana,,MORENO,,JUJUY,,,1.0,1.0,0.0,2,0.0,Colisión entre vehículos,2,Asfalto,Apto,Seca,Día,NO,Despejado,Buena,Sin Semáforo,Motocicleta
1481,169159,2022-01-02,6:30:00,Urbana,Calle,OLMEDO,5355,ALEJANDRO DUMAS,-2.751.514,-5.879.000,1.0,0.0,0.0,1,0.0,Choque,1,Tierra,Apto,"Despejada, Seca",,NO,Despejado,Buena,Sin Semáforo,Automóvil
1482,140000,2022-01-01,17:50:00,Urbana,Calle,CRISTO OBRERO,600,RAFAEL OBLIGADO,,,0.0,4.0,0.0,2,0.0,Colisión entre vehículos,2,Asfalto,Apto,Seca,Día,NO,Despejado,Buena,Sin Semáforo,Motocicleta
1483,140000,2022-01-01,17:50:00,Urbana,Calle,CRISTO OBRERO,600,RAFAEL OBLIGADO,,,0.0,4.0,0.0,2,0.0,Colisión entre vehículos,2,Asfalto,Apto,Seca,Día,NO,Despejado,Buena,Sin Semáforo,Motocicleta
1484,142702,2022-01-01,8:23:00,Urbana,Calle,SAN MARTIN,1300,CORDOBA,,,2.0,0.0,0.0,2,0.0,Colisión entre vehículos,2,Asfalto,Apto,"Despejada, Seca",Día,NO,Despejado,Buena,Sin Semáforo,Automóvil
1485,142702,2022-01-01,8:23:00,Urbana,Calle,SAN MARTIN,1300,CORDOBA,,,2.0,0.0,0.0,2,0.0,Colisión entre vehículos,2,Asfalto,Apto,"Despejada, Seca",Día,NO,Despejado,Buena,Sin Semáforo,Motocicleta
1486,157728,2022-01-01,7:00:00,Urbana,Avenida,AV PUJOL,1600,ESPAÑA,-2.746.206,-5.882.851,0.0,2.0,0.0,2,0.0,Colisión entre vehículos,2,Asfalto,Apto,"Despejada, Seca",Amanecer,NO,Despejado,Buena,Sin Semáforo,Motocicleta
1487,157728,2022-01-01,7:00:00,Urbana,Avenida,AV PUJOL,1600,ESPAÑA,-2.746.206,-5.882.851,0.0,2.0,0.0,2,0.0,Colisión entre vehículos,2,Asfalto,Apto,"Despejada, Seca",Amanecer,NO,Despejado,Buena,Sin Semáforo,Motocicleta